Nombre_de_la_Serie,Total_nacional,Credito_Tradicional,Infonavit_Total,Cofinavit,Tu_segundo_credito,Linea_II_vivienda_nueva,Linea_II_vivienda_existente,Linea_III,Linea_IV,Linea_V,Vivienda_Economica,Vivienda_Popular,Vivienda_Tradicional,Vivienda_Media,Vivienda_Residencial,Vivienda_Residencial_Plus,Hasta_01_UMA,Mas_de_01_y_hasta_02_UMA,Mas_de_02_y_hasta_03_UMA,Mas_de_03_y_hasta_04_UMA,Mas_de_04_y_hasta_05_UMA,Mas_de_05_y_hasta_06_UMA,Mas_de_06_y_hasta_07_UMA,Mas_de_07_y_hasta_08_UMA,Mas_de_08_y_hasta_09_UMA,Mas_de_09_y_hasta_10_UMA,Mas_de_10_y_hasta_11_UMA,Mas_de_11_y_hasta_12_UMA,Mas_de_12_y_hasta_13_UMA,Mas_de_13_y_hasta_14_UMA,Mas_de_14_y_hasta_15_UMA,Mas_de_15_y_hasta_16_UMA,Mas_de_16_y_hasta_17_UMA,Mas_de_17_y_hasta_18_UMA,Mas_de_18_y_hasta_19_UMA,Mas_de_19_y_hasta_20_UMA,Mas_de_20_y_hasta_21_UMA,Mas_de_21_y_hasta_22_UMA,Mas_de_22_y_hasta_23_UMA,Mas_de_23_y_hasta_24_UMA,Mas_de_24_y_hasta_25_UMA,Mas_de_25_UMA,Hasta_20_anios,De_21_a_25_anios,De_26_a_30_anios,De_31_a_35_anios,De_36_a_40_anios,De_41_a_45_anios,De_46_a_50_anios,De_51_a_55_anios,De_56_a_60_anios,De_61_a_65_anios,66_anios_o_mas,Otros_anios,Aguascalientes,Baja_California,Baja_California_Sur,Campeche,Coahuila,Colima,Chiapas,Chihuahua,CDMX,Durango,Mexico,Guanajuato,Guerrero,Hidalgo,Jalisco,Michoacan,Morelos,Nayarit,Nuevo_Leon,Oaxaca,Puebla,Queretaro,Quintana_Roo,San_Luis_Potosi,Sinaloa,Sonora,Tabasco,Tamaulipas,Tlaxcala,Veracruz,Yucatan,Zacatecas
2012/01,4935504640,3247121186,1447040880,241137932,204642,3294304581,1490499540,20472943,105201212,25026365,84078454,2445749925,1593709194,618687204,171944255,21335607,21797031,344786274,845267120,778608787,588702224,518017608,325140016,233959960,165595688,134757524,101347929,86842940,78216718,65067987,66879425,45735808,47914874,47016333,38907370,27366546,33551774,35739622,24702532,25400977,254181574,0,25202072,697842786,1299706595,1104455976,816714562,501742116,296865765,137601147,48026540,5512477,1834604,0,101687123,270067463,50260708,33904971,243328622,49707322,40638741,165335342,252366158,49792561,376347086,210094698,25347860,95808433,558720127,78154352,68623514,28810043,690806599,23924203,140994890,141980328,142525781,112275887,138854558,194718684,54723478,196986399,22043930,230059184,105418056,41197536
2012/02,8283681881,6316542798,1699344582,267794502,0,5855387190,2193004941,17688687,180605751,36995312,209801383,5182064709,1899324497,720119691,233460313,38911288,127506649,1970283456,1690967365,978263544,688371741,583037829,371417575,274789733,213263038,156055805,134355471,103101254,99906183,87620570,74194090,76552381,57951098,59068701,28600359,37093604,36465808,38236634,30926318,32060479,333439103,153093,72969411,1351724688,2155072562,1768414771,1431543621,831615621,431861308,169747114,61180339,6902899,2649547,0,169379589,421886962,48122772,42527031,440558535,58306772,53819743,326937515,514197633,125462546,615003036,401092884,52581200,182777546,721775601,174376789,88669031,52352528,1034003487,31939829,233547169,209084801,347571723,173258304,231835135,387749565,92339733,454224795,52434293,306681044,173474254,65710033
2012/03,9653065534,7704966659,1641965537,306133339,0,6613175143,2755257122,25990025,217942869,40700376,241229361,6236579562,2183168302,718669446,228909329,44509533,201562029,2241636154,1986897497,1312659807,868186437,704757797,428734481,322367490,211451792,184300301,131143883,115963124,90241310,86832428,76736843,73680436,56743779,46280438,47069448,35878547,38091106,34331132,27116409,40520330,289882534,0,88528978,1620346120,2531375165,2108030915,1595747318,944487531,490812361,204963604,61374830,5888806,1509908,0,222050603,452408340,71472770,71598908,521011419,83841288,83381200,432568632,530746842,140256491,791816112,460854003,72128536,174445136,787049119,176321931,113624735,73623773,1121050191,30559623,347399221,341853344,319003780,194740552,270588557,394893442,125099220,464611793,49564247,376929483,276692440,80879805
2012/04,6073696287,4879257496,991887084,202551707,0,3963625552,1750699330,17579194,315820296,25971915,148528254,3695942656,1546264224,468859324,185997452,28104378,114787807,1076894021,1185334577,966651374,638513701,524220657,321402902,215850886,159129089,110053044,74457606,58025579,60436027,46565928,41727179,51396980,31775602,31572668,29164860,19265869,15376009,23221802,23019610,26210617,228641893,0,58545987,959142332,1572633320,1270270362,1019164814,616332697,366016544,155276158,47872971,7193929,1247174,0,115767307,340173837,49769643,36157274,280406418,50765168,56470234,211581350,470210703,78778697,579362140,269062802,42555355,113687215,566889049,122687810,77591722,41687939,724946218,18074213,173292743,177609960,214868429,167478321,143903627,207244379,55067939,194645866,43029743,250993563,137521763,61414861
2012/05,8883520729,6799487260,1785263596,298769873,0,5710105708,2634181237,35554485,466449020,37230279,182650390,5261041709,2279182791,846419576,277254995,36971268,145439616,1387849799,1855424715,1310480727,881060492,721638335,460931855,359966168,265060389,179853181,140744487,105045332,104436727,83841006,86380399,73214445,66201691,48020235,36977547,34618396,35787127,39282945,37237115,42555235,381223454,249310,71623682,1392293430,2216389748,1979523900,1485838895,913007056,516158232,224576659,70461883,11753487,1893757,0,140825834,435055721,95605136,48079097,355606153,63669504,72685238,344046722,747151462,104820132,996710695,430505217,56980822,187509497,809685410,186957789,87598324,56122370,1042988806,26041124,252984266,330581770,177125879,197548286,196632310,301587195,101230664,353306402,44375463,360411768,221150087,57941584
2012/06,10493833685,8005170824,2159892710,328770151,0,7108231515,2759453686,48064304,530292797,47791384,180092297,6217605072,2797340265,995917086,256029965,46849000,200897141,1808020501,2171734390,1470027719,995285494,816251736,531057259,420585673,316901275,250937952,162921548,138900982,128883202,105176122,102309650,86565384,85963259,64695194,53302293,47760583,43274781,42332159,34661711,54309358,360921072,157246,88850970,1635969160,2711578077,2342529963,1734619413,1055241665,582488671,239095862,88414697,12353859,2691350,0,152019118,533219203,80262753,47007204,423906972,83164023,142156611,357190738,806910698,96078012,1246702647,521592067,63451768,232227950,976707340,175811355,173813842,107615886,1098283599,21903182,296009124,352359606,402487925,228731537,244028298,358157190,139448479,352503466,59335305,451553531,181993913,87200342
2012/07,8461492419,6305647554,1809492378,346352487,0,5306786424,2516250383,28457955,576807509,33190148,162036823,4678475039,2398598119,931518154,246664435,44199848,128999146,1193940184,1603632477,1277935388,851548481,705494668,460761318,379733622,293708526,192119217,151578607,135578044,111175819,96017465,80646544,75022279,75256118,71641180,48612603,45775452,46426756,49350204,43399995,46523329,296614999,0,73133114,1309851030,2189238565,1825927714,1376272678,867956613,499352911,229541088,76777672,11182180,2258854,0,147004112,498167764,64270245,53412094,379950627,65689952,80872837,277485712,840535563,76503287,853734057,347696401,54903408,148082616,757059211,127716742,102834827,47260513,979037936,23123940,210309793,276798235,299204650,204956658,185481491,353046806,107260676,269940992,45234059,367920728,178275584,37720905
2012/08,8461113991,6305559592,1808900939,346653461,0,5731127353,2520683363,33265207,136369885,39668182,133515937,4914410019,2359539273,800502347,223430576,29715839,117839298,1113304876,1785395687,1423697700,905903124,741608972,456083186,339626826,238105243,159206678,127384583,111325752,99472663,85550301,65094021,84340067,64812635,44752099,47383475,39162638,41319758,39794452,41255283,40708322,247986353,0,70884152,1418587094,2324601874,1883252627,1405607407,765758115,380416711,164828547,42542790,4118711,515964,0,139970362,413763996,73206654,46669725,340994585,76376634,83918709,390244060,439227478,71988652,880624932,511966708,71169615,199394325,774865636,127753966,108863325,97923970,1035551085,17743718,251878040,278798982,331722557,186540710,163390498,359427487,101174816,269449812,36263226,349458378,189249873,41541479
2012/09,7644492590,5826630080,1509693370,308169141,0,5340330125,2214989516,26695742,31901233,30575974,123293895,4705756645,1981055919,632506311,176752548,25127271,134054491,1178243466,1711996830,1256801262,795650941,634952361,377690776,280260843,209115019,142572999,109667579,84307117,78808624,70303405,64430461,61400346,42311635,50800168,33797470,29754584,29719431,28468203,26624055,34953066,177807460,0,63477322,1338404540,2090885477,1757288435,1231501005,667109592,330105699,131335352,30421094,3925524,38551,0,129700282,438585777,51614504,38468978,291367830,50480962,97686695,370255467,302265030,64370608,860677756,426999649,60268470,149161248,646495372,124963847,138981556,82099575,897762992,40012635,242721620,253291044,295000457,143095261,217165230,302548555,102666694,273865114,25149533,321272567,149321375,56175902
2012/10,7771796594,5806253604,1607316453,345771806,12454731,5103472154,2556279383,33874335,43782929,34387793,140041582,4552378910,2197950285,669980481,179085306,32360030,131960895,1066103789,1621927311,1313765622,849228062,683592904,423495976,316470287,215304543,158461813,119966240,100812275,94123912,64235462,75541254,64327946,55250140,40838641,44660086,34660740,34509428,29402126,33643677,36972032,162541432,0,64610274,1347912960,2146760887,1758942343,1228800070,697047242,351355783,138428720,35295083,2437324,205907,0,150934897,368714667,58144510,52203670,347945440,63538588,78174326,411491771,343785363,73014982,701950633,384644563,58767060,175988385,639440729,114736241,109224950,90157376,999464305,52585128,205073934,294205609,289593690,178128606,266038146,346382486,84092491,264306503,32036770,350926017,129445136,56659623
2012/11,6392134927,4578421839,1453776991,299335528,60600569,3975659787,2319642101,30077744,35869383,30885913,106413862,3368558394,2097212911,616495275,178573577,24880908,57608842,525392079,1193978393,1238019386,770195028,611930882,388247143,286739718,213183851,154883945,111398351,95107213,94929739,74778007,74259337,61855862,55221389,42094549,38914283,26779654,28384298,22323430,24609591,33696516,167302693,300746,49762487,1072413718,1824833962,1467872187,977884790,559424349,283295021,121788019,32664844,2086934,108617,0,118388040,319123942,65112840,29221829,338759341,44263036,68296936,273250703,341366754,66415497,527184907,268536463,45371740,146013316,527809948,95576358,107337610,62718336,927426399,30117070,160453172,217074046,257502881,151417715,177139493,231556913,89332153,235336698,25555460,293138457,106743968,44592909
2012/12,7926703987,5605272197,1902692186,303334816,115404788,4895095665,2917877157,32303816,43492163,37935186,125980817,4138457457,2683751662,737800000,206728373,33985679,56191109,520886609,1461490977,1553167981,990153536,814120514,491519908,356429276,282404042,196093543,157181222,122696660,102503915,91562087,80116224,74020796,63928160,60921749,57251921,45534843,38634846,44139568,34070537,34947531,196315777,420657,62520159,1329619086,2270844738,1789365796,1199052246,710881022,365007654,152098251,43845929,3300624,168482,0,127907132,366073137,61683253,35045975,402866753,85838136,130118591,305475047,400856097,85853324,808105045,337474400,66955325,181928651,576046887,152512026,143861949,90163553,1075328408,53140506,207553018,343901279,311255396,152144679,185542537,291902788,98108751,261890920,31018798,363947757,129838821,62365045
2013/01,6527506921,5436402142,782485335,233986313,74633131,5127525279,1324751516,22345354,30530542,22354229,152095103,4585906452,1253560649,402716087,118564744,14663885,170833486,1674004464,1613039693,824517006,555882104,399878802,266525253,197604379,128276153,101325573,70249337,61922831,51982913,41261824,40321236,42018440,32169254,24644979,23247450,19615470,19275164,21398750,15117168,16221301,116173891,0,66140515,1193078182,1731535127,1447133899,1048524267,596116326,302540358,109645067,30628579,2064087,100513,0,125483681,329670683,40350767,15661804,305027462,44265159,110972661,170491275,115076746,72938694,481408178,308494150,34255859,206688513,712240838,167445388,103590529,83240126,915789135,57480783,193570110,236677848,313303181,141302168,160532659,197148890,71268650,280600942,30352744,357602535,108399649,36175114
2013/02,5375945079,4382674261,669500652,235246901,88523265,3484295431,1801160922,29265528,34051298,27171900,161833465,3336789466,1342958044,411150869,106284011,16929225,56979108,616053594,1196977284,1027544390,650092844,461350860,306056847,198023687,139671040,100596607,65484244,56063211,50527541,46368644,39866514,38238607,36279184,34051133,22863029,22369766,23470956,25906182,20482165,22058589,118569052,0,55641357,994900427,1530784196,1151616271,797554993,477834838,233403352,103242580,29053020,1815060,98985,0,101834270,242515358,44002518,16813947,307829389,61522716,50416352,244260704,189374090,69219654,385374586,304399227,45720237,96448576,481410484,118600543,58266871,73676588,763412419,24916210,127550170,167725667,188396754,126144211,157228242,226858186,55778344,248624067,25551842,236236087,93375327,42461445
2013/03,6322081226,5371936907,600604897,255055404,94484017,4336417616,1897441123,23958745,38423654,25840087,158015148,4199041265,1443461163,389210590,109145911,23207148,103331134,1169090675,1533376240,1003273672,652696218,497811982,310038454,202940488,143010549,93520985,74075484,57264748,53549409,40803229,42326550,34305216,35038667,26278158,21696265,25429433,19152134,17059451,17040880,22301544,126669660,0,60232893,1171168308,1701645600,1412867243,971173976,560733306,279177430,129428882,32865397,2333196,454994,0,125126430,305483597,54457664,18421091,298605980,59755247,102691850,273642167,202906164,75184971,610340811,352142677,46875932,133913675,528503784,152826921,73756421,74150050,830606128,24585352,218001656,180258559,190713745,140989943,153683145,271256869,87415716,271372998,22818384,287657574,103655146,50280576
2013/04,7969316841,6803291694,738205295,307931946,119887906,5527128535,2333722733,34078500,44313578,30073495,212683394,5367027375,1729694056,502690047,132995421,24226548,173020885,1716969557,1949803380,1191615011,745858587,569018888,348878822,246922850,162309174,112045074,86255098,64254683,63438777,48551534,55961669,48783223,41388049,39440941,28250773,24194463,23272256,28716192,27002645,26145058,147219252,0,93448780,1562843598,2146970609,1704697180,1196824535,725301328,357782390,140136374,38591080,2715061,5906,0,170264619,338622358,59836719,20328488,452691608,65688796,105482429,407686064,237984080,86940249,615337239,390596999,48691926,164799134,862328309,173235398,75727038,84082796,1035674267,35552717,166289383,257408386,329507877,208290291,259849409,317529580,89079148,321625763,30399041,286698123,225684087,45404517
2013/05,7543396250,6202945312,863889415,347019305,129542219,4774555652,2665216811,28121897,39592715,35909174,202935743,4799876585,1814620380,569777197,134303141,21883204,148033433,1462547473,1733859402,1137950703,738072151,563361697,362589090,245733062,197821355,141749848,98683154,77873038,66202123,57583297,52858302,50282042,42374308,40725256,34610580,30406436,29475907,29355639,20341555,29656305,151250093,0,69334796,1406326695,2049087449,1643575700,1161288213,669122196,353032110,147294139,41269362,2996257,69333,0,155117899,339467398,58984361,36962351,405838015,69539145,88563079,377216274,275619627,82575660,517010138,476432544,40856904,153706796,781487025,166352771,78123338,87236005,989012539,26725533,172814071,232628078,245533881,188645285,244188261,294231517,97654835,277186100,25526714,305210233,178924418,74025460
2013/06,6554772071,5310832162,814291965,302724596,126923348,4071251359,2396690060,22633506,40960469,23236678,148775768,3979956253,1741113769,528318178,129483180,27124924,117826998,929126799,1440113323,1118125680,728182167,536715207,329113019,253468952,182791588,141756020,92896422,66831647,69320149,64263675,47187615,50134574,41381838,36288517,36286722,28554526,32310948,23665173,23182819,23592210,141655483,0,68327513,1200075883,1805036934,1461722221,970235405,578184215,295592008,137401195,35412863,2602386,181448,0,102245798,286040556,53561762,55716786,382849716,68853830,73824957,317701955,250976513,65572388,499296723,418661046,37377520,148634534,593458183,129594717,55325354,100632975,826567342,23662774,167178328,220684912,264181743,154389934,188981085,241866213,77980492,252815298,24947307,305594677,120285727,45310926
2013/07,7265301570,6046036412,741725494,321673433,155866232,4600600894,2545257277,40657544,44937045,33848809,170532420,4543197544,1828458789,537551896,159232395,26328526,154859468,1179272712,1672963760,1198528272,756342940,529279565,355665050,290426908,190449652,129380140,84815730,71624249,65006888,63983962,52374903,49986571,49816097,36249055,39370769,30144760,29650709,25068645,27902619,23764477,158373668,0,81238961,1355164020,1959271945,1559378881,1120804691,647275412,342477992,150936546,45330517,2642268,780336,0,130668635,338167638,51922187,28410691,338411944,51869101,65874395,368083440,271522779,79629055,499898770,475476771,63198735,180550127,681906558,137782282,93209804,71424131,983085764,27105255,161384210,269247234,297877591,196571028,197577377,293982379,80697213,295841007,28355907,280375623,171838928,53355010
2013/08,7051188398,6040028762,530508455,331920705,148730476,4476947080,2468074608,33162378,43777139,29227193,159480954,4365427807,1840824733,504712442,150871794,29870667,149170450,1222045113,1620056348,1105408659,709803605,523218419,360958678,291724226,200122725,137590969,87915000,70690665,62623710,47641898,43184570,40609065,42178736,33807594,29961842,30399533,21502066,24295509,26033013,23642985,146603021,0,78340336,1341377255,1906149430,1523864748,1064322366,619226954,329487298,142687287,41901048,3700617,131060,0,145191532,308932797,48517342,38210338,358360621,63239154,43347753,360348992,245036902,79418157,432535270,392172497,38783725,176740658,769449366,158193436,65533994,75552399,933262559,44310479,182637763,207444208,262290403,173644225,206360354,301383314,72922475,334345188,32671665,307629206,145809502,46912126
2013/09,6117920617,5221289558,454827236,302062310,139741513,3842616214,2173797291,31878873,38231474,31396765,121234261,3727898117,1612170853,496219115,131473122,28925148,128296107,1013375329,1334492949,957192345,640504242,455952488,311226302,279396321,187377140,119067860,76175787,56360557,53525585,45379721,46381468,49386556,36379843,29393205,25428150,25364390,24766877,25652677,20043887,23016747,153784083,0,66030295,1162385166,1625599126,1324899675,901665055,545709444,311118625,133069627,44407076,2413916,622612,0,119515960,269214287,47138789,45642157,315994702,50675504,39674281,275430140,219602648,86592202,346668492,357374113,28360794,169022935,625406680,115293740,47518707,76912701,852937046,28047025,162275204,191934462,234820507,162366458,199019311,281677226,58603145,259069550,18237407,263024839,130752304,39117299
2013/10,7010324782,5946908073,518993207,378670439,165753062,4253522423,2631374984,36305308,42507850,46614216,126753031,4107887038,1945334625,630331352,165786343,34232393,136430716,1082189188,1470398200,1112574580,750170145,532886855,376790737,323933880,246893668,133489792,98395014,74355062,63092503,57432194,54635755,48958214,46701009,42164798,34156049,27932148,28261260,26717113,32633195,25307091,183825616,0,64132017,1303580667,1919391347,1531261468,1044796118,622141100,331226164,144882464,44753937,4095283,64216,0,79524823,303671492,65616467,45115798,421706962,67877476,47246175,316068651,254761212,90400451,435305255,384906166,25304300,151010632,749957630,152743316,55080943,80865357,990037836,30533358,180654722,213064862,256052146,187866042,215986817,316255545,72156397,276757222,24255500,293710842,176838356,48992030
2013/11,6577187103,5573941668,518755329,329912719,154577386,4107786617,2356819000,34132425,39428435,39020625,89955188,3961633717,1744947373,594709964,153825532,32115328,155749914,1186921909,1372808459,937358234,676097028,499155057,345274963,277239642,202070625,125348534,97494139,72473683,57436974,60087488,46961620,52247670,42459651,37871785,33199592,27967063,25872076,22047025,33130577,26180956,163445760,286678,67968732,1241123428,1800490362,1414122893,972937494,587961381,312954519,134575625,42858559,2184266,9844,0,117406811,294335730,55011888,31972721,379407885,60987134,52217495,325931032,238929012,73568972,384284395,386619796,31958345,167171976,656233971,142086892,47091406,59654649,972148886,25037433,150794676,197672001,231304310,165772933,185437060,343310186,56840943,254463971,28055003,273790970,148739100,38949519
2013/12,9956285182,8652872434,727978630,373509305,201924813,6568561910,3226844029,48581557,55874983,56422703,144474306,6500492882,2265932389,778169047,221388130,45828429,296361724,2204956247,2224687938,1327009213,887536580,646539627,433248795,364898967,279213169,180640135,133418348,96589835,84639507,69575606,66294092,68066040,56489873,51181821,49565777,45236452,37820566,38128012,34101947,31205766,248619380,259766,102982807,1920153329,2652340755,2138288885,1525263056,895310188,469294301,188581550,59935236,3856256,278820,0,131096058,341156742,61489515,68662180,551054647,128477933,118838174,410550893,355635154,119535326,534428041,493464943,37479677,368277037,988044524,234301443,79144274,69241542,1508311251,35087718,249049191,276028545,417071444,220274260,309026522,479269292,150488853,419267645,36992837,460345046,244668113,59526366
2014/01,4590700218,3805447896,384825845,284585020,115841458,3014491015,1487601558,32651356,26585670,29370620,81741251,2631990883,1265006015,472673260,116089653,23199156,73907771,617646622,886157751,763006120,515281785,370796127,262148290,226822542,147479471,98233944,81535670,59403500,50858864,45704468,40502416,33369580,34207236,26783461,20601587,23540235,19580873,19273705,21949521,22128165,129780513,0,39458512,841473266,1268124622,1002713710,658391892,417365812,217743721,106478818,36406197,2191564,352103,0,64782269,226134760,48623592,18685959,253838214,48898884,50775393,180244059,92119152,65387740,273050897,285229490,28604267,79904474,424488759,100368604,44372855,31470474,811277113,15108678,125158358,176672433,151370630,99822370,129342261,152351371,49441586,179792303,30475828,205995565,111894462,35017418
2014/02,5683800552,4833521033,439370477,281350175,129558866,3763918451,1819576029,38451915,28101188,33752969,120178592,3486076119,1415152747,523334182,113202877,25856033,110536257,1056103627,1179675218,832386580,558670803,409421997,277069973,259609421,175289899,104371026,93876072,61619521,53475882,57013825,46049252,45575880,40879682,31362042,31549425,23481114,18459246,18437044,18894191,19990596,160001979,0,75849840,1132900075,1541080077,1228449663,822656385,480172381,253740602,107893664,38279354,2731053,47458,0,80577481,226742673,52447312,28225536,333310210,53911492,66634803,292440712,167026671,72552934,307234342,399173326,40001419,125545951,595753466,125933491,40503947,44722011,902867855,27099640,134292169,177374827,128673495,117787901,155884677,271139869,57615067,274047749,21433467,222057201,101783261,39005597
2014/03,6779616446,5769673776,519199985,352171167,138571519,4295079532,2394181428,32673569,30199189,27482727,121298988,4219073409,1630947480,643825786,136613752,27857032,124838291,1194903154,1489840682,1008552373,674269778,489688984,327852877,289776611,211198052,128319499,108983530,82529375,64325582,57236424,56596251,47883989,44378566,38329077,29835586,29025259,30082247,23515491,28397614,23757760,175499393,0,83260380,1331773113,1853906116,1498531211,958705986,576786185,300624109,128816832,44427630,2661632,123252,0,127234371,276909320,57618706,33036497,398079765,56770716,54827248,304879702,231863877,76583074,413115210,354369537,46548869,143053110,692540759,134216166,65103637,78247563,1004984878,25259902,186608074,212180717,284812097,164262266,185141156,305925436,84397058,306665114,32073408,253405412,138108003,50794797
2014/04,6288681120,5323817450,494430556,325059588,145373526,3957020491,2225120611,40667155,32537867,33334997,106943723,3831473803,1580370271,615959287,126605042,27328994,122070872,1167917082,1391038213,839682788,603156986,437487112,299939685,278977883,210994357,136460353,96706218,70594323,67654663,51214764,45569553,56256055,44034243,36661358,37372904,28325032,28771870,22040186,23703280,24839070,166962938,249332,78487629,1245705897,1689502062,1323073450,934772970,563584819,280576008,128125733,42063197,2516217,273138,0,88947745,284864126,57508338,32778539,344177926,55826942,50309758,325560068,198559437,73503951,334504501,281732300,38918720,148372075,642733777,114032407,63054643,52566340,1050946462,19903439,147221870,216688010,218794088,169627480,163734851,292090368,76795800,285146792,29870219,278414804,110689361,40805984
2014/05,6873853072,5866124789,465183008,361684504,180860772,4239684693,2539073534,34111860,31432934,29550052,92012869,4227416968,1704568931,667501599,154806331,27546375,142133601,1254155825,1552505690,952238128,643850690,486228336,318001556,298628904,212262321,150587689,101233522,77331520,60588766,64867836,54473329,52763843,54170741,35248618,37564511,32733107,32893377,26322757,25917835,22795479,184355093,0,80124428,1321687215,1842376516,1485510248,1015630925,599591894,324956962,152505102,48043940,3279785,146056,0,128239285,322368640,56369300,29694125,387453691,61374766,51938602,381421828,224095876,97011539,404600085,355315944,43982100,135606855,718533429,137028331,63352152,65035403,1016142317,26581789,181230831,208666216,256636389,199162314,178533948,322715252,51140996,289372669,29401252,279465767,119032317,52349062
2014/06,8689633823,7527380673,569645894,382068632,210538624,5483462888,3079975289,41129627,46468182,38597836,114856981,5479042273,2125254306,775203582,158204381,37072300,231381158,1673208263,2018471786,1173579667,805694693,563757041,402729620,368513235,258291281,178881440,116947328,94260256,72173267,72585739,71117218,66674199,54525016,46510810,43513187,39591628,40285825,26776762,29949990,32972228,206649227,592959,111637417,1712883373,2334613434,1868224332,1282302173,747028067,384294777,187282673,56208505,4998911,160162,0,123510839,387000277,63701957,42081543,492498110,97064877,84877985,477592145,264899186,160762259,510666801,421802978,49776315,268393083,740521586,165387111,73796534,109777817,1209049825,31975346,188936793,239115938,416664241,235468234,243455192,355419300,152496258,373688480,33937092,430813820,187264373,57237529
2014/07,7801492540,6589241302,611625437,400172197,200453604,4815547824,2871443592,33461068,43218256,37821799,88880099,4773376165,1900689041,804237802,196556771,37752662,193418613,1385476874,1745574429,1105598909,689079910,506075380,386289560,341662141,239110831,161439612,116612076,90215340,79086635,76535802,66313307,69407763,61401236,58350145,39393254,38004262,35062630,38625404,33593964,34779450,210028502,356509,92608245,1516404197,2080669353,1639248721,1157848736,719721251,369720317,167541643,54233694,3123662,372719,0,139989960,322051419,56343250,39976637,400715308,73515942,47033406,386836259,282948363,94648403,458743175,356411241,46368778,176032960,785326597,151101157,69328396,57803097,1278508131,13016507,222966044,227719100,291825520,182067141,213124715,398472600,57658543,343897413,21029572,341558629,208821855,55652424
2014/08,7775428927,6779875634,473763716,324732483,197057095,5021565984,2654682267,38494417,34394423,26291835,86595334,4836148107,1950618505,708000198,159833380,34233402,159267560,1419138285,1871382455,1148129580,659982221,485433477,334891319,325575718,230516093,179925550,128361520,91229693,78381713,62121242,64573499,65560819,47001901,49418590,37802301,35339386,26566076,30125751,27780410,27488416,189175564,259789,86469770,1536802506,2039716974,1623561999,1157916740,700967177,387774171,179215896,57865262,4591670,546762,0,136729612,287971085,57684764,34724099,385954302,70193554,92751642,368887571,225590754,106474327,437941038,409209253,57851576,233571090,776580606,134817213,59659507,80819113,1200684130,18954023,197797485,232074255,244535679,184543187,247189418,376768097,103911623,395423250,28577900,342299293,191038319,54221162
2014/09,8317024072,7366401545,391369534,343501155,215751837,5587409840,2621192308,33063727,36493443,38864755,82928753,5101871885,2082670767,851071244,169250450,29230973,184712744,1464664989,1930456375,1274893170,674296023,487864929,334319118,322638879,248372103,197783028,160308441,127575909,113845285,92431976,80157745,80337989,62818075,57094130,51223563,35333721,33925018,31431594,36930660,28677458,204642055,289096,94870884,1623527624,2185582117,1739895553,1203883919,785425275,425377843,197642373,56713160,3871944,233381,0,135965379,352327785,44510530,34689835,439851720,84375563,84947820,335713675,258432930,87435512,552899146,474276609,67182983,260712562,780357651,121503982,70305851,77114531,1134383606,27922679,190480257,315984565,451712873,181790973,240489424,364317991,116851811,407343882,41408549,362977575,162110325,56645498
2014/10,9690350914,8577932079,511126221,354759069,246533545,6317876892,3228740529,58381323,40502648,44849522,105348565,5778417326,2457513509,1092133507,215407234,41530772,212798845,1622276837,2288104014,1485810416,770055602,499214359,386648598,369734938,306090260,244449713,184039670,146521776,140762017,114765455,109398566,104637498,77793495,76527390,62316054,49801339,45789001,44647830,40107804,38617318,269442120,0,107247440,1824113901,2445717757,2040252645,1447170006,949419605,526244842,260626613,83998606,5437609,121892,0,154120931,402741865,67849260,57057405,535984149,100668192,122572984,444958291,326359028,109165249,688034088,541352976,67332471,264721419,928802672,152929307,65989520,80791450,1354197370,27958349,257048216,317299995,430533958,216494773,252607109,433138591,103632110,455196428,40820123,414800532,197073852,78118250
2014/11,9409001768,8258872369,583814615,343337940,222976844,6257899388,3022092589,48407089,38647080,41955622,109024855,5646175382,2277922782,1094021087,243187343,38670319,189061884,1688850421,2218694180,1388062352,747674742,485468697,365366758,333928837,260117230,220000441,177967714,155331836,126589449,117236459,102024463,95821197,81366794,66564145,57938491,51350181,46985956,50824310,38567745,45731805,297475683,0,93915646,1731260628,2401349991,1907604443,1476838575,938980073,513314547,255375819,82599893,7273335,488817,0,150838814,371631732,66264670,53054240,441312613,130042973,89462364,441901166,361175246,107152812,582661719,456031705,49514233,268091139,986813792,249085210,59916804,74640920,1290867790,21471363,264526281,320328766,470910248,196453992,225798771,397644852,89371916,483779491,34127565,412608274,202449795,59070514
2014/12,12178384548,10508408874,929484652,423125687,317365334,7665586899,4365126721,61501128,42237842,43931959,154769261,6826892683,3144143643,1641153979,356955737,54469245,89779971,1966246862,2664555707,1861199936,992295509,660398746,502021686,480317033,376851180,307864364,284703743,222286024,180475074,161110524,173027053,155337418,124737156,111496925,96351351,80353374,75366413,74325950,57924879,61768398,417589272,0,120831221,2134806598,3080073687,2592396422,1879417650,1234655374,684705741,332896204,110068132,7630668,902851,0,227012535,465988117,94809715,61693297,732543286,175663335,129094989,604407804,535938400,146450579,857685684,722376562,71946510,441550570,1066277124,239354887,106476068,136712740,1350311052,34668839,347722117,498294820,414231268,260983129,345533101,532204154,150834807,504288914,36807324,550943755,264448691,71130374
2015/01,5233231591,4243126831,508316804,313588556,168199399,3348128797,1786597166,41817613,31845578,24842437,95535345,2510297871,1476952648,921430435,195164283,33851008,27052917,629910946,953954346,803252520,434140496,298623462,237386043,245600554,182525292,174266215,128392319,118107247,97545612,100925330,90253178,91849830,85263723,61882767,54511017,46976029,39382348,35393073,36836334,36493755,222706240,0,43394655,808059219,1361683834,1147371199,808141769,543711990,296699101,167407860,52730802,3585808,445355,0,100115381,249156317,41523045,30356689,248218901,28618533,57022110,241010670,134081995,61862235,287423377,202981455,28700649,81055332,520768062,109124976,39030918,52647993,830363601,24188170,188342494,208390127,175996086,112739399,121019473,203288224,91208049,286143234,25960437,298235717,122484749,31173194
2015/02,8507708571,7485288908,527454617,312280026,182685020,6097874420,2351488192,24127306,15500129,18718525,120023375,5460600380,1769865167,934334254,197047542,25837853,63528983,1782970416,2174324045,1275460308,612694114,375769143,272353062,272962266,220883502,172952254,157855981,124215519,96461646,95783762,92935984,89763580,71499012,60606664,57955834,49699167,39634948,37496905,35032197,32733550,242135728,0,123125495,1673890468,2158580935,1690496057,1273919711,853261497,439537927,217017102,69354736,7828575,696070,0,169414767,388115374,77105619,30539772,413167203,106771722,66803038,353704182,194964768,91228381,513988647,441167267,37056729,244330723,954903359,151907150,48280482,60686171,1443192412,25113290,225004361,258496166,291582474,149114591,197217042,365325759,108296936,412778943,36570285,407067408,200908374,42905177
2015/03,9281750768,8210278271,460074152,374366254,237032090,6022596064,3218159385,36766937,1719257,2509125,154523650,5785717065,2067990231,1021025169,223410058,29084593,78601297,1950734278,2290613239,1389057912,633707173,408647695,344323541,317583672,266748113,221366045,173459229,154796470,130204428,99375079,104224459,91556460,68975058,57859032,61029960,46582642,32620640,31454657,28330799,38310330,261588559,0,98823529,1737435054,2336543566,1962798514,1368464885,937363198,509503041,244993095,76824752,8717846,283287,0,145845989,403254384,78953869,36828742,462191238,124437967,93057347,445855328,342627701,120109701,560238152,435318544,58948182,284142564,1027496753,182588678,62828167,91191475,1275288346,24044597,256628302,279753950,285451720,223793774,279856625,410325499,102571525,488307951,44712883,397629157,197201280,60270378
2015/04,9106424669,8256532613,266262181,367878297,215751578,6261232476,2798965964,38535364,7690865,0,106989156,5798761793,2048980413,949108296,170367799,32217212,72302269,1889432599,2364197420,1415026108,663428855,373353253,341172562,326058326,253123977,208959293,170401518,129025343,116548624,106760298,74064857,79533955,69801088,48106823,42012557,35169850,31083476,35332335,29686224,25777179,206065878,0,112491880,1746366919,2344492264,1854764900,1378181902,887940321,471580295,224749349,79260201,6117043,479595,0,197373788,392554849,61286328,29012797,442072525,108556482,84096048,471703813,260606573,115349037,514389818,509793536,58587534,246586608,1059385087,156872443,56611862,65245525,1329460093,25009903,214525727,252354956,446396351,151879725,280939938,366054763,122887833,418358327,34058502,391401764,188717512,54294619
2015/05,8570922696,7634835093,257365618,432469653,246252333,5477466486,3019503428,50099021,23853761,0,98685223,5224588239,2042803036,966915928,206889317,31040954,49091739,1547407928,2063346902,1371589888,666300022,435546505,377464763,330755050,253512120,209784891,182520314,137158073,106828274,108038316,89838108,79020287,61511616,49141456,45098473,40061579,31861402,33968028,28794483,39445461,232837018,0,107163019,1623718197,2192494215,1737890153,1305195194,844807815,455762295,226001106,70123794,7114296,652611,0,148029074,349792462,61889402,44995304,465529349,73195732,84392963,444362263,306241559,112419433,430210775,391838254,39960141,231097226,890809879,171937071,56083718,69610706,1180176548,41367286,226971610,249733264,516535446,159218113,232903456,362322030,91070161,439174396,47355104,392518521,207138105,52043345
2015/06,8972345941,7873756123,291263683,526483339,280842797,5425178715,3371802278,116205759,50175067,8984121,161927051,4914328891,2431298039,1179752322,234917372,50122266,57815549,1317415772,2037449944,1451106076,759400276,501948029,407042139,388536623,303555273,247990410,210988147,166719700,128032983,112251217,106383409,110549569,82826505,68887355,51929702,43272332,38061567,39971237,33516575,49299361,257396192,0,95723527,1563758089,2280066649,1950985893,1362644389,870885320,508962729,247654865,79711361,10555657,1397459,0,153982683,365658513,78302842,45527392,529341154,90189764,79264305,471012694,393793193,82130335,525550949,464180471,62956052,256833640,946886324,142115194,71440274,68697501,1354709556,43104864,222917600,301515025,331442976,194286567,250856617,344378990,95162461,333599360,29050526,384961785,203639070,54857263
2015/07,7465864308,6444684239,253997551,516094524,251087994,4232259933,3059753553,68920772,70743486,34186564,112557014,3828341906,2152690019,1107656789,220121209,44497372,36126830,751944829,1535101695,1267363047,653991812,542171924,404894106,369408838,284377574,237036883,205743476,149565753,136707132,115270362,94910432,90253002,67495001,62353987,40374207,42022340,40603332,34228995,34239484,40623688,229055579,0,69334849,1257045311,1929287109,1615190716,1104476375,767541201,430960086,209223978,76934272,4989815,880597,0,103603518,302651175,61590258,36360674,338959248,58722000,74245847,424619611,337079081,80112896,442688939,350453409,45395297,183339917,771886525,154788883,47756303,53744470,1153810859,28287500,157747130,261232536,247092128,167400425,189199021,294199371,122397278,408641695,25427065,355183388,151115996,36131866
2015/08,7629906307,6657084306,242221981,464816825,265783195,4622772107,2864387373,56257984,53802981,32685861,100581990,4140292879,2049621868,1084831336,212772579,41805656,37252054,902815682,1681897374,1297521738,637055164,503551260,392749700,362905820,259764361,214810262,190170874,145895838,112081743,97904269,105728362,101185059,69607825,59699707,47109781,43238579,34924119,32830191,32794988,38566178,227585590,259789,83156492,1349057697,1974134571,1606435197,1149910168,759561321,421052419,206070086,73501009,5716422,1310925,0,111267689,303078479,67881411,38298179,375078459,70501431,75521760,432606694,323926029,96423267,459892659,332799813,51312956,164455185,745775865,156349953,60763320,65758235,1225392993,25946742,183678717,259193786,267719751,201897305,164906990,296311649,106130645,388015912,18825079,336263989,174735894,49195472
2015/09,9065012297,8075762345,225047538,477907292,286295122,5848251368,3069382299,82126506,30786128,34465995,128592230,5307605781,2328082998,1059232105,206206312,35292871,46559842,1399651564,2183805505,1581824395,734358151,501145072,402254598,362702567,277313968,217141745,200239360,143504306,120508391,102857176,95576288,85704428,76751339,68202568,54502396,41980556,37892389,34822942,27337504,37930464,230444785,0,86183422,1639219656,2325107895,1873173056,1406825273,895970078,505993358,246874687,78106791,6500631,1057450,0,132295669,400594489,60787877,43776793,487405593,88662432,100265120,469162136,292880518,137065240,537754917,421288253,55251966,253535807,816418946,232415917,71237721,58169585,1365287341,29436602,233990450,323515602,426639393,218224978,195864329,350969182,97013563,454791224,30975317,410143144,212321081,56871110
2015/10,10412193567,9347452375,258262770,516925485,289552937,6826309905,3410179277,89488626,56430207,29785551,145075164,6121343400,2628413849,1240793008,234105164,42462981,63016638,1694952581,2645267257,1731752224,772881044,523347178,428513275,419144730,319188621,254022174,212502339,168164199,140293878,131472021,109954586,99835672,85551363,79293389,61391939,52899463,38510505,36737179,33163186,43917980,265498672,921473,96982238,1926613731,2678804526,2120756359,1565971752,1060237876,578307129,279129278,94999103,7686656,2704918,0,154140049,482157313,73959254,47550422,544234192,129044696,103948834,601141311,310019372,147886678,616393946,607114344,62500680,404637047,845245697,201033202,68690501,63302937,1406864884,33562621,241402885,310691580,459219359,301275079,291660918,458426777,127572585,514828239,30707371,466532847,235986792,70461154
2015/11,8177062263,7200838748,211137650,491316058,273769807,5122743380,2905208115,60789699,54014274,34306795,122219397,4476793682,2223709238,1088501145,224278314,41560486,38404237,1038915720,1922008321,1393874613,602294590,473054169,395495158,341148857,311811056,255914218,204122416,162853377,116226545,120406322,98355736,86449527,77240207,54706449,46196713,45497676,41667876,38066967,32132274,41416896,238210833,591510,74445310,1436509042,2093131933,1693724090,1230802617,848974963,484786697,232556676,73684517,7365732,1080686,0,132504214,356369524,73472783,43048386,432350977,86696603,70926715,360046600,294463816,95826554,458268484,452550895,37231637,308397637,664455052,182168620,59391985,57841897,1283171038,27392118,222578092,261847904,330866975,220556345,224804621,328457642,121206070,417979445,19712271,318271036,161196462,73009864
2015/12,10515778092,9244206249,272545063,616820501,382206279,6313318198,3994610839,106022666,70456120,31370267,172526022,5655834794,2882336666,1429073725,312683071,63323813,51897160,1551766724,2361406388,1659367807,738605765,593918066,534801104,488251155,366478352,306902692,249355407,177164059,174259368,155141281,127648335,117517241,106064969,89018437,69946991,60406717,51697942,52219722,46671660,51489146,333781607,0,90338878,1713132778,2611273222,2209017851,1655123821,1131432217,655225327,327929946,106509906,13760479,2033667,0,305326225,424894419,75496255,46604866,584757703,190315913,104066217,463671809,458398081,114650677,838236902,466686037,65059517,449442182,940062789,162520834,98798160,53638278,1241865040,36960532,239498241,346650887,314776338,252327376,353726088,389338857,197035952,534760245,51850315,372478624,262142172,79740560
2016/01,4479117742,3784269472,115141035,399098171,180609065,2932884563,1473571648,26089440,28323794,18248296,49925218,2272240500,1275609283,706277609,152017435,23047697,7086025,447414468,960980623,715874072,365886821,283595522,232606565,223771186,172949944,158800527,127099717,81696258,83505829,71013373,67455392,56608986,47812991,37743239,39753582,33945615,25886858,21525589,25245511,34610791,156248261,0,40025514,757664858,1174418072,996086894,658832927,423108504,253429295,128567681,42001346,4957719,24933,0,59837434,229320924,28752974,19450581,223625849,21964010,47759058,252161905,114318361,55018899,305233009,198374441,36263965,88565419,425161397,72930038,28553524,32584794,582355511,15466735,88959192,163319669,274650181,134804791,115121276,178998968,79063927,258519549,12551207,214193279,95033009,26203866
2016/02,8421824655,7663259243,146906216,397206909,214452286,5976519736,2345897204,30631324,46356223,22420167,107967954,5429008475,1917309485,784469886,155253150,27815705,14655547,1464568559,2303362677,1426935428,647948205,417137196,324508373,294079275,242691239,169289419,157020151,123478163,90736886,85800118,62490064,71864638,63174694,45054600,40465063,42354292,33618356,27575352,29277374,34811027,208927956,0,103195794,1719180511,2258965964,1774074771,1142876828,765058539,409768224,185249331,58842478,4465231,146983,0,161738336,377950225,48258095,25467857,492909861,74274613,66353379,356403460,182935050,99709549,458232015,419060806,52932896,270837893,950324456,168709267,59064615,71639241,1313770744,22366811,169475838,273903486,420628051,171056794,262162270,347984141,90430763,416657229,29377927,335969423,162207327,69032239
2016/03,8089299984,7250100756,169592464,443799443,225807322,5342920864,2579267263,100629233,47099999,19382625,165205025,4787325681,2047008703,879776226,169742610,40241740,9683361,1244203156,1997185061,1352321555,668118993,482264438,343361508,310733080,252878807,199695150,159102557,126165106,120769564,111028972,79775103,74272792,64491144,53375235,50634826,37502272,39087032,34583194,29843913,35758958,212464207,0,103586372,1562622832,2184489234,1743571399,1107677955,719662993,411372618,193931149,57189433,5158251,37747,0,167673462,346513624,79703681,28934131,450672768,100551563,62104224,399865928,248860199,84087108,460641051,408403154,59718355,266378185,837100551,148891718,62064619,60874667,1163799990,29380135,170915728,265727668,362904266,181479238,208973877,331715171,90306250,422064281,33138911,315453371,199447244,40954862
2016/04,8662499444,7645301276,217472215,521785378,277940574,5525452132,2971648464,95392541,44584555,25421751,162939742,4943558728,2254527434,1048846917,211652847,40973776,7053010,1178310529,2088277067,1483985665,726198228,498013801,379685337,356930487,276627174,231026382,194540930,142642564,132948478,107654278,89367103,94902193,76489837,70407019,59606249,44385636,47805858,47925629,40397166,40048536,247010524,259766,92164521,1655637826,2283143308,1918020636,1213854906,781875717,447043978,200609432,65650324,4452167,46628,0,157987853,419492862,83916387,34515968,482695041,90214380,80093086,427852030,312762076,118813239,507351909,456477550,46252564,268492830,838121797,187072230,62371912,69595815,1202060210,29891714,254624440,250058702,365559733,187393138,269264419,343709860,100708800,413305871,29768144,350415085,175956926,45702875
2016/05,8693520058,7659947162,235274865,512155263,286142768,5392277319,3105974016,124066908,49452779,21749036,198050725,4967748696,2192946332,1080724036,219750022,34300248,6004039,1114674622,2109051783,1544544098,709305297,526401624,419393918,327115994,269858673,213586123,191539808,147846641,138151549,112835866,99312946,98083956,74975870,70797726,48181900,52092166,48908193,35892832,39524893,43819904,251619637,0,99429115,1641016930,2341541903,1903196174,1160976632,803502839,442554018,229721484,66121252,4450041,1009669,0,149252259,405658767,85282888,40653387,453291795,109085664,86454394,434146794,323325558,130193897,527543131,397615365,53881351,256210275,782066016,175992772,79604305,75090607,1172843889,39054857,224253857,256195837,392861504,210810878,219851604,373659463,127373741,541881331,26164913,300954735,192122006,50142218
2016/06,10631404439,9456514163,273419635,577192207,324278435,6775688411,3672336980,108472454,54747618,20158976,201915334,6290258550,2611761561,1244342639,233935766,49190590,11206152,1704131567,2633381691,1791901532,869424398,565965550,449874529,386783340,325809857,248584178,229870584,172481707,147971202,127187663,113222296,109752137,83729682,73742984,58092444,49466459,48695459,46798108,47674293,49538678,286117948,0,112219072,2059934354,2826579764,2261570383,1490524923,1018020876,527593453,249689459,77271045,7650440,350671,0,216295025,395426702,104988599,49735988,633319149,139721369,85010007,583106883,369977798,139603613,571349386,581769016,66564898,267150788,1183220400,165836510,80756673,95557012,1489017740,38246398,251591862,283627318,474152896,219713239,330631270,475282160,136033601,535868266,26242453,354745004,221252595,65609820
2016/07,7770534105,6832114727,188308121,490695433,259415825,4592432065,3015057650,68427248,69046451,25570691,139240753,4233029658,2132597503,1012611452,209895502,43159237,5517194,1040331750,1778020756,1284847831,695400462,463059256,374851853,335478658,270580148,220205837,170426798,136549527,100765521,96107952,86875846,82325163,69273260,64137723,53050338,41677764,41597391,26537352,33505741,44521260,254888722,0,74411540,1373292224,2032003040,1740786713,1109216953,754341611,406307620,205428497,67805695,6849176,91037,0,136901103,398040116,69232171,32291439,409332869,76850785,75715225,413298350,302235638,108260444,509589946,399852448,53706366,237654558,729671116,137888514,67341419,48171053,1069314100,33894482,185487625,209159317,371303386,180378460,239355338,272083085,93573841,341996270,33816091,317055484,162000617,55082450
2016/08,8546228873,7485962630,239946346,508766666,311553231,5015117192,3338456406,93464789,77470828,21719657,178686331,4561183583,2408704958,1120385226,226424235,50844541,6695236,1038272519,1914219122,1480913840,731673803,563658304,423760702,373779201,289642215,242525142,197767931,145817183,148022662,115883434,99084853,104691586,69893207,61611298,52868506,52565264,44966287,39681144,37040984,50884787,260309664,0,80494900,1524299643,2259270285,1870713243,1259923417,814728581,445757458,216715175,67218686,6850562,256923,0,158393788,459820784,77956883,27108210,433781921,75533389,76473312,512720937,361258792,109069581,509408088,389079960,58454674,276285913,702771196,156032842,62003601,77817828,1212525693,42235102,218941802,284044641,285774069,208082133,222928694,341478450,101393306,452365714,43984926,364522905,177442189,66537550
2016/09,8034935017,7008734428,215708572,503241955,307250062,4726697101,3092044687,125132743,68926382,22134103,198850273,4237712840,2240397718,1094598834,218933073,44442279,6497759,956471040,1775698100,1369171531,696131389,512444885,414472425,370414250,304750073,231061236,185101637,140270370,107528034,118712211,85653514,92965332,77357794,77264901,52118163,45995985,40972633,37116704,40371476,46369333,250024242,0,70499751,1387355680,2114475482,1786778766,1169160191,775647296,434724999,208234011,82532793,5017396,508652,0,160296838,441674067,81486543,34273962,411662159,66025944,81497752,377680965,299682620,95015083,511409851,426653798,51886774,256455511,618949570,138002763,68563029,69829065,1094801514,42098651,190460575,306844972,372512354,201773041,203027987,295433978,79210274,442537064,31944287,332839706,188030110,62374210
2016/10,8581749630,7514944837,241198322,510584949,315021521,5065086016,3322977101,97330717,75400072,20955725,188112219,4463545655,2485777851,1157294771,246760835,40258299,5359704,959146486,1855162278,1508165718,751836430,551038179,445474636,380293338,325067111,247201844,211828436,153937238,145086378,116161711,103168275,106534471,91795871,79036348,55065835,45197054,46269594,41228328,38431960,45759105,273503302,0,68665754,1442534403,2271822012,1885634075,1282135307,833984307,488719229,226137483,74735824,6989755,391481,0,175598872,449246337,82265761,43335485,424844080,73101194,97157917,428033976,349862013,122909545,579744896,408053700,59301587,271039265,665385694,163193972,71806210,71119659,1131718799,38828100,196535822,307017406,389945523,198990396,216771905,339738794,104070135,402459751,27459553,386302845,244203247,61707191
2016/11,8354207596,7337961526,219053440,490767935,306424694,4818867743,3339435538,94974703,79294283,21635330,191612563,4390601086,2379181400,1111137282,238435281,43239985,5242217,886228270,1837336797,1472130605,735922482,531157901,440602760,402505593,302623873,245630798,207253461,163650868,140700444,121200275,84092511,90422669,74869518,62342765,60174911,53717303,40845227,45195555,39560496,44189630,266610666,0,78770434,1458700128,2174200648,1865398203,1192538098,813910103,465982330,220001308,79176761,5408475,121108,0,170089519,403298927,70708094,39638085,426903782,96972620,83665211,481212445,299820704,122052052,533236489,372123409,61108783,315783971,667143055,148897193,78564043,62690560,1182354579,30219325,168641177,246868985,364879708,198939467,244435722,359939608,107087286,378811597,33852655,350022857,204650347,49595343
2016/12,9789565247,8421369490,307899685,626443521,433852550,5211066302,4316960126,146967779,92653946,21917095,237107190,4621097831,3044182889,1520564199,311464140,55148998,7015282,878716965,1916196152,1637922772,886170261,675050118,575953419,502935758,404696960,306828877,262220823,208326420,179731772,152631559,128984119,141337101,113940943,101270464,72988562,65373172,59763781,51017902,43961949,58077832,358101758,350526,69418485,1553766460,2606274313,2208971444,1440830079,946303265,574860345,289637220,92546308,6734156,223170,0,150093342,465699133,80945967,40664954,548620405,91737658,90843166,492460094,471527417,145876562,694123605,648665542,72631120,226871872,843007131,139069428,111615998,90858214,1207397160,34800290,262226968,378625040,369985846,240552200,214836080,393422516,82084730,463311971,29900201,426188041,179858049,101064547
2017/01,4547571044,3794433568,140281408,406563878,206292190,2636364344,1805457350,24250152,66787659,14711539,71845522,1924917006,1487148801,852107681,181909035,29642998,2858035,244456677,788690076,739597028,406056734,362733088,287595814,249549037,207326282,173971282,153049505,113639457,108943358,88561068,65008810,62655608,53829372,52470964,35908246,43036158,35897870,27754930,26938427,28642194,188401025,0,36218479,733913952,1209166198,1028144526,662849086,433615729,247548879,137596858,53817406,4397984,301948,0,95351707,238958727,35201402,20240924,222748663,18224061,42938762,275583880,215110746,71225564,290911000,208177106,20939185,81451964,440884893,50158887,27027672,23881760,735659493,6134987,91074193,170225005,214572533,118209696,111695619,143513437,44807829,194385282,13094455,201134014,102984074,21063521
2017/02,8578460863,7763755619,163556533,427931946,223216764,5994246580,2463971529,28481537,74644054,17117163,123858147,5405915368,2005726689,838162286,170432871,34365502,9134646,1357567346,2352225440,1528169315,676388977,444436938,351426589,285459449,243821122,188035485,151443814,114194509,104713151,87795422,90116015,72472600,66771243,50891043,45922225,39391603,34993514,35876736,27698706,28261994,191252982,0,78749217,1681509697,2277318174,1824069083,1213836690,778678961,453185845,201881131,63382053,5812659,37353,0,194567405,321633691,46869778,34306625,534937987,117006427,61022662,420470158,198318156,165228239,371748881,540084900,44607467,194216777,1074979234,174685561,45873979,80938813,1240577513,21593349,220820430,272599980,298708457,215505154,281113904,355461117,95898739,463191354,31877771,273704975,147408338,38503043
2017/03,8235446876,7148390969,216231706,577787645,293036555,4689859681,3334057773,96883365,95076422,19569636,228864656,4329004884,2280947548,1107708129,238573105,50348554,5329735,882697773,1832685295,1360272172,699756497,552633617,471389746,365734075,312746970,251175114,210721964,152431667,127558176,110639200,94752534,81027614,74312649,78629772,64623734,52916645,39356044,48268484,37289821,41560131,286937445,0,73521170,1425134907,2246325617,1810325788,1188195178,772470162,424472465,214246246,73218076,7044180,493086,0,168613865,403111805,57820811,24478292,469516094,86291052,94877159,472314541,299802727,115244115,529516878,470052885,52731965,196744764,657818565,145911239,63767982,76230284,1185280828,37035984,200420894,307483736,313992041,204216236,233910321,329893456,87170375,367638599,29276232,329785062,172813383,51684708
2017/04,7334594353,6421240532,239883227,432800271,240670324,4496044453,2658240694,93044293,73040082,14224830,180560714,4113241955,1833925639,947377908,221717794,37770343,7359410,897768971,1787131238,1263029915,608511736,444064061,344672689,272948740,236294069,182211046,157881628,126488539,107071422,110175948,89335521,88796932,68388789,53224409,54116232,43549825,38955940,34009338,38384086,35457227,244766640,0,71565661,1303614463,1950220574,1632826867,1063232813,692114753,378598002,174687433,62453722,5111937,168127,0,123128847,340127856,75294739,24768972,425138737,84395852,61119597,342520985,305742283,99705972,448201056,336076220,55494437,235786055,672339066,132327009,66444514,53615553,916904084,21384425,196409841,257075483,385676773,196444199,192780292,250871740,89907853,338101888,34457359,320643109,189276570,62432987
2017/05,11204387727,9833198814,493280396,586211200,291697318,7176116796,3714918742,182860338,118489654,12002198,294167720,6056302559,2939447141,1528816317,331889523,53764467,7792541,1515065888,2772393852,1863493352,962916759,632448061,489492747,399713474,318814238,282508253,228414464,197752040,160430845,147987173,136280067,128189907,128020817,92260404,88645158,83518199,60686297,60126053,47425252,49376629,350635257,0,111753369,2025175039,2913916542,2369213343,1734173472,1107575188,573907249,261319824,99612831,7567332,173538,0,238010318,493584610,100241749,45932153,590534928,128293896,89018495,503687418,449347197,194628583,736276624,584699630,71306063,279205996,920538919,171063567,87371597,107274803,1578845411,28787508,290251787,384489965,668450030,290897288,324928108,409014712,109733954,510632221,38100634,424843752,260902363,93493447
2017/06,12457448589,10894963361,579311667,670542174,312631387,7410021334,4679116378,202607030,136952843,28751003,299640160,6428701655,3302435977,1878544808,467738454,80387535,9835283,1745209838,2983592129,1955577279,1035505658,700267315,513589712,470189938,374834174,288165775,254486406,222054115,196897527,177586635,152763065,163050932,143719228,120592984,113567348,88928209,86261104,82666714,59572920,68251452,449986806,296042,114473565,2131644379,3216375261,2677132756,1913050954,1261838669,701042391,330004517,103841811,7588290,455994,0,227003692,594896024,125117919,55132639,763775465,149943940,115144601,605187388,552833581,182007630,750111159,661858139,85739657,437171451,1083607414,220724971,129058487,101864815,1673024610,36801478,321618086,399817286,464450154,309589224,370842765,473010582,109680674,588053435,47416350,469960731,265428898,86575342
2017/07,11048412949,9612982948,528903721,611645914,294880367,6602139159,4166918968,128181518,128512109,22661196,212762499,5434357323,3158342575,1697985878,470660583,74304092,9902095,1305461404,2527577403,1838349312,970019458,686849723,511499125,413301411,345928310,285854913,228419745,193351829,182408860,165699626,141991259,154518553,123602033,98590042,88572285,69173014,72956312,72621020,63437056,60356432,437971729,0,103794449,1921138164,2875389961,2428979123,1675974945,1074321025,604758809,262731117,94576661,6555605,193090,0,252909602,479229867,84750426,34620665,612510512,86919522,88987639,635656772,521537167,154303058,724949214,583350914,84591294,394491083,960783365,184520565,113859873,61017284,1493284726,19231928,271044619,414006669,527061369,260406515,288166983,376521427,85764056,483285763,30589124,390950007,276203528,72907414
2017/08,11862070899,10346944403,572155829,618543515,324427153,6825230736,4709922053,160709183,145428657,20780269,254701875,5692985548,3418249774,1899283771,512170127,84679804,4607785,1293859837,2701168481,1977154081,1066541268,726438267,549705512,458339639,381203746,317305443,243827085,235570200,204470131,193645291,165190187,159698190,137337000,99251019,84406088,89787882,73472177,73679668,84840840,55806579,484764502,0,114084315,2039538736,3050824373,2629659155,1781600543,1226258033,631491365,283719841,96586178,7895280,413080,0,232311489,603812827,110993929,55964166,538635997,148209706,110612779,596093293,598037890,184680448,723406795,572707523,67296885,366200417,1073630093,206082357,118475105,84491532,1603787106,41246170,238551693,421984546,482602018,317379686,313791674,434991924,132434919,611051489,44708464,471677671,272501887,83718421
2017/09,10668197807,9271150286,528927969,582659733,285459818,5929583586,4450076513,143073802,126934130,18529776,216259505,4935659614,3201704377,1779547432,465584946,69441933,3454760,1040148505,2333011990,1831607110,964726703,667085825,482562494,446892587,359558310,296361827,233226540,212623243,194021959,148988894,150375495,148306549,129268380,130361352,95934953,75338278,80624787,64487837,62785059,69147951,447296420,0,99160622,1849456971,2804874798,2355919089,1613124922,1026165277,576072035,259562042,75833504,7266136,762410,0,206533271,552567859,94924466,49122365,564589172,110385321,88393534,541200770,472163958,188848170,724732049,533403219,64166991,286452521,915075400,180720977,78552033,84983835,1487789244,34730930,255579409,402561463,404698251,270756265,316370541,379696400,123771253,582948707,36788101,365830038,209587946,60273349
2017/10,11335402353,9860785095,594770798,554884596,324961863,6428893634,4608882538,156167667,125051422,16407091,224411323,5160184305,3405636957,1997896569,483637133,63636066,4916749,1074086447,2455021387,1874734611,1031980484,703750061,536547041,486440861,388671336,309778343,272872838,241665044,210932191,179603552,169166992,173950751,173328785,91920234,104348960,101460418,86033338,81027319,66701529,73282289,443180795,0,99940294,1927098530,2959410679,2461123915,1722845083,1113515884,653829156,300759387,89440227,7257587,181610,0,201430810,559403729,83778312,53695613,571746009,106689396,106957754,562415791,491345556,183117488,874008703,528649401,110635077,385245618,981531869,183351757,93650322,87936969,1388936323,27734192,332601539,502767039,470417795,274153991,309874149,371832406,101950257,581069245,50934014,450174127,260243585,47123519
2017/11,11605151497,10131130643,588889911,567046883,318084060,6782787354,4488880350,183585356,130380216,19518220,256135313,5635536920,3190382131,1931025497,511318209,80753427,5982108,1305941393,2656592421,1885257895,1000685409,664251730,523247108,442391866,352242149,298005314,254082082,238357512,217342369,177685938,158619645,189911643,145285949,117185028,118131174,87139154,79406558,80522985,72782368,65764380,468337318,0,111345768,2014895479,2988200547,2504901541,1822280710,1152947098,612188813,306233160,85987405,5948339,222637,0,236396289,567261780,90541926,38985592,601471362,121285130,105726471,609161555,554884318,186957758,877136824,628101004,70929525,300101577,1015462976,191275011,111423048,69352537,1432291967,42750506,342068720,392981717,447913823,251640346,356355943,377897170,119591114,578343515,38190177,485247775,273657774,89766266
2017/12,13763351414,11887141856,749901956,717598099,408709503,7523084019,5873031426,199883224,149847400,17505344,275646087,6018290925,4158474657,2570366215,656840063,83733467,6624075,1291287988,2789049926,2240546848,1277478330,854905366,651250482,547609667,470027767,410279125,346702287,301334711,259811256,251535556,219827227,241544739,199693864,165654959,153375127,108465072,92231904,86120608,91269645,94166860,612558027,0,113714002,2150195679,3664080283,3028417707,2196480274,1372535273,783363277,325534967,121163005,7489898,377049,0,254106641,617386914,135058401,70797969,782591037,146465477,137984420,681052121,718804140,195597665,1082918282,778489940,129329538,490758529,1090042321,265065429,186621611,116347821,1458274707,47044627,379763611,555148918,516047658,298672836,399765800,510733513,117369339,561622824,74487405,548403290,316347184,100251447
2018/01,6309346084,5322745231,367298848,399873088,219428917,3721382073,2474771466,36643833,65843333,10705380,68318798,2454735269,2054718482,1340730276,342276140,48567120,2459282,369671066,1101592892,1061429499,586469511,414054255,326554376,302772865,248446982,211973472,175701710,157211817,142104196,112837501,119419919,109183028,100722736,91253269,72657983,51275626,64887984,48386131,52636978,56486079,329156926,0,48324397,927483781,1687987880,1421866404,981792310,626709205,380624367,177709086,54512827,2335828,0,0,113124152,353864136,55119906,23640699,265155195,31900967,74446409,391882691,215726808,70576396,461310573,340913581,56085394,153454186,647424077,80925957,87654321,30623739,819780142,25855658,137159265,216623015,366449140,168753571,161996329,181326911,67224321,242607402,18849408,264321940,151716897,32852897
2018/02,9111669921,7878043172,448300405,517668271,267658072,5363074719,3580139095,75464479,80841865,12149762,142645962,4324657291,2581523258,1619981251,386419977,56442182,3462455,815330785,1917337162,1466622152,833767763,545716298,448000430,403053952,330123653,259686564,205948614,199607090,193985188,161061653,138794230,142858796,116086080,109906406,87939472,75856921,62318662,74989642,52756569,62419616,404039770,0,99063947,1480548296,2445936991,2034071729,1372323222,902089808,478311128,222042434,70178461,6550584,553319,0,194675290,450200689,88360447,24416853,455734491,83501759,87321904,506182004,345116381,155277259,585426384,528168617,64601311,279895195,710286855,158446657,105549682,60248111,1317441640,31039745,226666312,335215827,348417093,207541448,243323959,287416396,102828290,443658461,45096165,379751943,196508618,63354134
2018/03,9475699042,8155386880,476259259,555566893,288486010,5285700711,3996604871,100950492,73066142,19376825,212538053,4593580085,2592444046,1662422633,364918157,49796068,3613960,919923577,1925806877,1593445516,885636071,593119288,454952893,368575640,337165472,280064460,234251949,214982385,177042606,155034958,145888339,139788482,139794289,105064758,99854022,82452248,75956835,47152253,50536233,71722810,373873119,0,94845949,1555571191,2573068996,2097076420,1425046489,905783194,505721717,225500289,86792853,6182458,109486,0,202182183,474971821,102734574,42317051,575638466,94714841,90891327,511837508,355565252,151330879,601822414,470449577,80053046,285054702,694286768,160507954,83174034,58318094,1282571640,22307707,302857623,359798005,346895880,199462073,281745017,341994199,86711248,477701779,43667086,433353113,190850747,69932436
2018/04,11135644632,9655308604,552149017,619701787,308485224,6532154516,4311833422,199011641,77246364,15398688,288287835,5433839526,2980061872,1937834681,434146945,61473772,4607683,1206423900,2381141105,1793917524,993753382,647153524,494674770,432270594,398121619,308414466,242533266,239155948,212955584,168736921,177432336,182823150,141630783,133960593,122169157,97999820,81021158,76176161,72086753,82054137,444430300,0,117881382,1874297670,2960084805,2482527329,1708162343,1081257288,570911318,249353087,83799377,7265833,104202,0,201113630,562780444,93550527,41746743,565384281,131432516,116155223,477741887,469094493,175786768,826386481,580442860,66249920,256104329,921407230,185135261,108054478,87727017,1539348475,29011723,283167435,324427830,572117003,248419371,316922506,435254963,108136194,600738220,55161962,434178391,278003154,44463316
2018/05,11985884155,10403626528,570534630,700912496,310810502,6786935458,4911430121,158484989,115179648,13853938,248343852,5901547556,3264535465,2070218266,435601585,65637430,3179063,1348418153,2550050841,1918118140,1102649281,705893691,584022694,484711180,418350406,333405132,287071193,239156735,207715071,197918363,173049622,196137664,133856710,130857381,111098792,117605356,73996182,77831974,81459289,141944617,367386625,0,132458161,2011740246,3236898383,2749726290,1790791015,1126003926,573198123,270649022,86824055,7216007,378926,0,249148139,564323060,105382648,35409957,575253435,149888477,116621121,664424024,519470491,178668011,776941333,646720564,88996520,318554270,1021989022,184715481,110922059,83712468,1578311018,24622031,306553209,361022065,576330461,302894188,348590581,443290555,129927805,647063306,57010588,452628367,300285778,66213123
2018/06,12141357602,10505491221,605801200,688641379,341423801,6865511347,4943443735,166291803,148430524,17680193,245307816,6011303110,3185942741,2093002308,521740909,84060717,6320373,1546397146,2614130416,1845799130,1047478207,683522257,574516898,451996915,386517723,315684603,285954060,256801357,225134135,193595472,209561574,182200321,157885698,138639473,116565563,115438225,93334577,87884642,79697956,157942040,368358841,0,121311885,2023052063,3230363759,2688750298,1882676753,1168768483,661581404,262887793,94569849,6899558,495756,0,245540121,550420403,99717518,43793652,698570689,176204213,110827468,573095550,589495550,187858766,867902591,638544716,73823014,329096903,1060527909,203325070,120257488,114832344,1542772662,40387519,297617760,402835712,438473715,278790146,357706028,444242946,103365985,613955446,41152044,533504032,302545341,60174298
2018/07,11516382168,10073979890,525103081,607184563,310114633,6623509121,4539826249,163780099,174155926,15110773,243422390,5806348799,3082154066,1868673194,450775106,65008611,6486493,1315008986,2503818597,1910696551,1053480571,692978844,558939700,440539277,387206477,284256526,251841135,235880641,192986360,175095301,169587129,174711498,147667017,113629652,102084568,81617601,84317727,77785370,67769228,94406370,393590550,0,128402222,1978284847,3063105181,2482422017,1750782498,1149180556,612979377,265023257,79292912,6657388,251913,0,241223804,613089037,93921883,40056310,559396712,91098492,130157049,497810627,531610997,219785723,848968820,583721916,96375344,366434983,899170945,177569330,105111176,61221912,1752924514,27337536,333851327,354143624,521854774,307479065,274085138,383261552,102126761,538910569,38469539,409030427,261422475,54759808
2018/08,11838410352,10302672453,512103818,688874933,334759148,6420169317,5049605183,146823914,210036817,11775121,232193166,5847067779,3229070347,1974998148,471945914,83134998,5688033,1212923298,2553526607,1953346313,1101404667,742418248,548696929,509879754,367623228,322737320,275093214,235487419,205736283,207329013,165188283,187845933,121717153,126708213,109145453,86058183,79781043,81642879,82024673,97301828,459106383,0,124145198,1999068953,3098213307,2575226268,1826048103,1153532169,664546800,298811560,88755995,9854528,207470,0,291349053,560195486,106123506,55705011,659449437,147555834,80912993,610465641,558004180,180672857,923048798,618373363,98695647,273798359,997344284,196330540,107144091,74681828,1500588489,35042128,319406447,338901926,509016204,272589573,261849837,420304705,109689548,703388988,45735826,450723843,248260332,83061598
2018/09,10714465243,9344151152,456914531,611066889,302332671,5976905905,4390484514,215377925,114352642,17344257,271359415,5089711858,3021712225,1853153255,407539938,70988551,1337511,914474922,2345824375,1794273898,972855118,686938833,551934290,464022968,337053191,300368789,259196369,236488513,186307948,160381777,159462412,162172823,117452525,124899551,107810625,88209209,95368447,72934917,66787893,92289134,415619206,0,110125868,1772431502,2917416014,2298655285,1651280240,1042301499,592837195,246806730,75826227,6774885,9801,0,241604328,572270201,76312965,42679427,582364935,112317096,117538054,546399805,401134328,178773479,782206096,549003143,79822858,281212467,872922949,195364030,99570167,86652862,1385310898,40458134,247241234,360359555,480299524,272879107,312639017,361462709,66177200,624251298,36177576,365295088,278399719,65364991
2018/10,12446746897,10845321517,576715794,692550143,332159443,6994527371,5027658997,267594873,140566256,16399401,335091970,5921236830,3468176864,2150298484,488131922,83810827,2204850,1133477667,2711203620,2148011170,1120807725,735985906,610180428,515292449,411588726,343449973,277479826,254171906,245296530,190669182,194569278,201873323,152210054,121454896,126368649,118363769,104071093,79960127,84048022,82072844,481934885,0,119259635,2062027092,3331725573,2791087017,1903357700,1194277219,661557868,284298606,89523753,9523051,109383,0,267981396,545562551,109015112,52540674,760774105,128552232,127369965,591339108,527201343,209116491,897589937,684743269,96175021,346904583,1069438623,237019385,117547481,76307381,1646854008,42403907,358601037,385805487,487180320,294359337,308881045,420623258,101960403,684940284,78231915,449741446,257428585,84557209
2018/11,10624288630,9239064749,520551969,561579667,303092245,6197096714,4124703145,119730735,168874214,13883822,171086765,5015609626,3088855245,1834400803,446457474,67878718,1698996,708115020,2121105615,1931803386,1069278008,689284120,533392169,471268490,361855461,312718774,282700367,229362749,191475003,184015862,184117154,160572855,144749315,115831981,108738236,99951132,99498930,65901406,72605975,72963409,411284218,0,97544524,1772540322,2874205542,2328505458,1578374262,1055596040,583372734,246780115,82013177,4985998,370457,0,249351575,532176281,109060681,40195521,573763592,133617941,105943145,502280479,522217550,146011345,708379388,501660377,76867394,261009812,991238961,191684387,95383651,57318795,1445206526,24205440,247596424,326090689,506846909,254595779,305104070,404223767,70085442,507116236,45205023,366266510,227667199,95917741
2018/12,10875268109,9059996225,777228333,672580444,365463106,5406319386,5075885932,192171666,189100932,11790193,250611940,4321555188,3499003530,2188090195,543361892,72645365,821327,468714054,1717908102,1952317540,1155374683,788226246,643280248,521854954,430743347,374016064,305984587,269982717,251056718,203970664,201686180,209908787,151598357,137863621,132979961,113217465,93361656,98429952,67022933,98134504,486813444,0,84682468,1605536608,2860330962,2485278244,1745681961,1077100893,608378905,306972498,96226857,4724025,354686,0,250562062,453859609,108675998,56229931,638802731,121357070,110154436,619411495,616074727,150167492,855371076,445639108,95853894,262627274,743003618,207083797,123383164,105992922,1235643016,31743443,281091970,539075713,433677498,288176162,305104540,433395752,77596039,539459010,52305879,414451668,169683768,109613249
2019/01,7411655182,6088457720,514133272,566158193,242905996,4490911861,2667181804,78016564,166702536,8842417,108968021,2939499366,2295690211,1624691709,372219077,70586798,1317442,322541278,1195231310,1364334140,747382847,488925558,408492182,353129945,292065307,237411400,212777982,199493622,162958912,146554871,149527761,125426176,117171389,94026404,82417374,80022128,64075252,57425323,64791932,74427485,369727161,0,68607689,1162679358,1983249765,1664699486,1135208308,706169720,417769427,199385119,66281314,7119382,485613,0,155826740,394898897,52423922,25850445,366091876,35175619,72784400,367492308,249435026,126585489,533166912,317305804,66355974,215053556,785931979,65374486,67438835,30084229,1303337399,16315035,214789366,126447792,413128542,177612065,184857776,219239398,58701748,330554757,27188334,228573794,157519986,26112692
2019/02,8490350963,7016096149,664554499,551013118,258687198,4441888239,3745772673,120667002,169440524,12582524,180147721,3662647703,2577924660,1628556727,391768161,49305991,1858802,342364736,1504656200,1575764142,874726833,596569494,488133173,414554344,319582200,275482261,227919924,196833298,165273662,159778791,147229667,159048237,125884799,110102886,89118801,77840876,79788621,63405238,51029433,82194398,361210148,0,89409258,1353002815,2313795919,1877010729,1319204191,783462225,473291071,206528763,68329808,5695674,620510,0,180898079,442569930,78829515,39270577,514370171,98899671,77033026,524775389,368391206,145026513,555443777,413831294,93576291,219027394,634422150,129230695,70521234,62504792,1134767761,21481620,222619381,305203035,382524687,189219025,225210593,291518442,78871477,394944406,35527778,321340532,170672925,67827595
2019/03,10242467688,8552047904,785206806,628481040,276731939,5428841057,4372574921,205411337,217173497,18466876,299150571,4760086030,2858198873,1851593449,414223453,59215312,979884,442467429,2043848854,2020821536,997746109,695729039,543801099,428467518,386682216,296502156,266743951,239205610,224732745,181526407,167641122,169201987,118138574,110775539,107035180,86750019,83305432,80992602,69122479,74359273,405890927,0,111225562,1746132291,2768522372,2274778251,1557834784,921590598,549002531,232708936,73022410,7418789,231165,0,227004338,496461362,104088728,39890048,635772844,97852283,83142478,573694435,475339677,173982169,715524536,501131459,96397502,237993661,753862603,187733903,75510389,76668907,1434361278,35873751,275119154,285382924,473044526,247696525,287392734,378126370,66215025,516953343,44586270,367444359,191968765,86251341
2019/04,9793796683,8106884313,815866972,589733443,281311956,5047267505,4371790025,139745240,223646499,11347414,218594945,4352674336,3004740723,1790536970,377626620,49623089,1278813,435532490,1864764441,1840702656,1004702616,653299631,556193311,496045495,390311439,322170844,250635979,221726158,186475410,172018394,143733472,145022961,130668527,117257662,95258378,79746403,74085104,75422340,70250960,64277795,402215403,0,88346407,1626733283,2669391119,2167807573,1502967545,910411823,517788451,228187697,75838068,6324718,0,0,218113456,518537034,102662653,50204401,612984784,98487783,81211536,603208184,450947957,159676816,722808243,445481480,70985051,247934953,726381068,168184213,101287376,75487195,1218479556,29083045,214390812,247661196,438032561,230165974,283371564,360829258,94630875,537905039,44125815,381713715,189579076,69244016
2019/05,11729445970,9814340570,915255816,662919415,336930168,6492276421,4740329281,207473048,270295206,19072015,284754767,5606016955,3301724431,2055836399,421402047,59711371,1125923,731001407,2517220634,2162258842,1150487271,734142381,638520278,512333487,401358884,322173308,269387131,263970546,210274082,205338616,171258841,180331218,141896733,148023103,115469172,99582156,80070957,80157859,62555911,114300335,416206892,0,124432696,2018603734,3187676773,2539934733,1772175874,1109330425,607750647,267188890,95428027,6307555,616615,0,208775297,581106700,115248598,58514985,751659770,170227111,106072108,723204418,517795683,192341001,859893927,538928291,70412221,286384493,804879241,224164802,111616774,74467196,1557892857,32900699,316356191,302078751,453654784,288973203,311837963,445452741,112585271,635397346,58866418,485030346,229815455,102911328
2019/06,11947460454,9974038784,958923163,674213884,340284623,6354081681,5066265773,193805433,310427811,22879757,250404740,5493989493,3551639234,2104905859,467513855,79007274,2673763,771553615,2578833084,2089887999,1152098815,758053433,610488397,516362960,396613523,376080469,292111482,319419995,219383556,193921862,194742163,164181943,142177524,135661834,111110963,101307630,95398499,91825684,83001073,135660240,414909946,0,115221226,1913147229,3178770464,2650027797,1876757914,1162024849,649724052,295265387,100300510,5529996,691031,0,252344891,538033997,116135981,39455860,733072630,149701224,94235873,692125881,566669243,190245581,880846417,608420141,77530648,279571304,842576516,220193007,135116272,106195406,1378430850,26707168,414626713,357790540,617372340,274113428,343691900,402421174,106496871,595385771,81663467,492274900,235201172,98813290
2019/07,12441276425,10380444144,1006045976,732244850,322541453,6682071618,5168928342,233591728,347534571,9150166,307760424,5645382256,3766632721,2148456015,495512400,77532608,4168395,874501927,2526497291,2243051787,1250152423,839304924,674885558,554773899,451712435,353558783,303478584,256100737,226392648,192947781,194588898,208154827,151963839,141819592,93524616,100304226,91884771,82502157,77817860,96863811,450324656,0,129854863,2044657443,3330019612,2766660284,1967424622,1151083401,658113864,289096800,96529696,7507682,328156,0,306034886,595269139,116350501,56137329,737552547,113583350,106531927,727137452,593111961,205392143,920393956,582830548,111595506,314301148,1012244588,211787113,69242906,81103110,1788382369,26539133,297704279,326957977,609889366,311853634,347163261,409737648,106494489,538706784,52546826,428808222,261126333,74765992
2019/08,11308867628,9407268764,951842140,659886540,289870184,5654186038,5119889678,201884498,323122494,9784921,274275358,5050084743,3406230740,2051423093,465023832,61829861,1677156,849865598,2260263255,2016270084,1117681509,718165293,626967929,508893762,397592775,324019352,268317331,244955801,223849703,195879981,176447365,153104257,127008633,124717781,107593073,94878921,87224784,83115617,77098043,82756926,440522698,0,110976383,1765744638,3071011453,2493877549,1817987058,1071087786,603038767,271219249,94011671,8562235,1350840,0,295994288,591263059,118782472,40284191,572922055,112385585,90887667,609781398,578166499,208145797,840493298,646757537,75983179,244137668,899109312,225080744,110614320,68366028,1394553160,22553827,302451893,293236285,486170247,263845278,301999242,363467162,106804172,677595742,46746649,442041440,195943459,82303974
2019/09,11127129207,9269609634,941141180,636106678,280271714,5665602358,4899605262,166781331,372939445,22200810,234010623,4855988305,3490124689,2066377628,427749625,52878338,1309396,810037449,2130552714,1955980149,1114688156,776518775,630527525,520015059,394246621,334455445,259598715,255906073,201070949,170627715,182824379,184083877,141497891,138058965,100540285,87684039,91960715,76796216,69096308,89146555,409905237,0,97173357,1772256898,2957035397,2469834970,1768240055,1068060574,617055800,276317686,88978200,10960449,1215822,0,257399099,568156593,103875796,45655508,692554841,94094374,117230483,452974016,544559091,194065855,880346075,632256499,78779674,242265264,813759815,195841167,108204696,81729937,1501159813,24817087,295024788,285970355,481627463,294184843,271207636,441627806,91123797,534644820,52897627,433174357,220358627,95561404
2019/10,12408762699,10243261285,1083051372,759983076,322466967,6333359209,5743540801,249371607,63899527,18591556,288891369,5360648692,3784015088,2399972385,514180191,61054974,1233306,898565467,2477024028,2186830273,1240339776,828959075,628621859,566553110,437949764,362292096,282465692,288325947,244761199,215885843,203738339,194428472,149445200,137499914,115597821,110937424,102243268,86425666,78776150,100408185,469454825,0,110857966,1993407216,3390001484,2820297121,1976451213,1121496900,644178300,259108627,88649373,4314500,0,0,272348769,694125418,118160489,63091837,761068867,101424012,123782290,719931924,476870682,216458494,848747330,716188549,81992724,292338860,961344381,216522785,124954684,93804915,1600317840,41126569,292105996,347610459,570754524,289849086,313943546,410766436,94565009,641335959,64366490,432219772,302262829,124381174
2019/11,10502255266,8684380309,901199655,624082511,292592790,5477299064,4790196208,209995851,10463209,14300934,235212568,4535118108,3209784383,2027962663,436066785,58110758,2806323,770963030,2112592298,1858671004,1015463983,666060308,504074885,458664791,366849347,327942614,262239768,256976950,219172464,173515860,183772512,166136093,143752104,116270982,97900916,97480894,67390051,87281859,68787677,70526492,406962060,0,88436258,1719327456,2881363687,2413730510,1658136662,924090251,499972246,240417685,73915761,2769826,94925,0,270328483,465917292,86845318,37079937,682304737,122949657,96563019,588515101,387697559,159076745,738204227,620320018,72066972,258842651,810952141,193106520,101067223,62721368,1447669360,38317086,223475783,309005941,488125935,253118151,278121184,342465217,101193134,503477698,52730872,370688339,244748728,94558869
2019/12,13606246103,11178725909,1240248925,810398604,376872666,7096056283,6152821692,321055248,17729838,18583042,353630667,5573305351,4394838672,2596370214,614216880,73884320,2124760,996695592,2618830807,2274020143,1314408651,903348129,739503851,607334805,503057037,438197869,373891583,307186874,271715463,256962044,229926701,229928335,186625452,159603264,132148156,127190840,95344640,103112706,102279217,98130950,534678237,0,94687389,2030317065,3768176846,3123385753,2255005401,1246916685,701391439,288630916,91126465,6380968,227177,0,303940033,626710565,121511705,55602249,883220963,142969758,135540492,687453349,512256032,201948725,922907749,837113202,109932711,380561850,841017244,280498879,137142214,118892111,1568827672,44971539,387138499,719890192,525203569,338298435,385117982,427209932,126107900,688967652,78500578,552569439,281481788,182741093
2020/01,6680440046,5489759111,519540699,494176847,176963388,4298143307,2267591365,94211499,9886327,10607548,97233708,2735914960,2160811491,1327069416,305948746,53461724,1333085,437357159,1269245366,1180978485,686906726,427001427,342477800,304383659,253059501,206051156,199754812,168785595,130879175,100889473,108029612,109246063,87071516,79158097,69920903,67988073,44082225,50806749,46915221,47780400,260337767,0,57512067,1090448610,1877771566,1546453747,1042649940,558684747,330089876,133664998,40000436,3110120,53938,0,187572598,354394045,82901780,25276610,312676264,51470438,44491033,420376662,172380499,107274541,428088548,408047400,44260104,132977543,592121501,97949185,39409178,25444064,1008588307,15083098,141635250,126120701,372455777,165328524,189446045,223528016,52181196,370550918,40560054,212585047,176163857,59101262
2020/02,8820729019,7301447722,762002945,527021861,230256492,4684691854,3896333070,186667905,39388229,13647963,211722640,3691012298,2868124186,1625164613,365760002,58945281,1184376,580081932,1726755655,1521688017,904445905,589020027,479673446,399959920,322396726,270971453,197462431,200781675,176174953,170522456,143952606,125190697,109986841,102687744,79731599,81297559,79279346,65336825,63465337,58999744,369681752,0,89599147,1487962579,2478172995,1975972331,1327599518,777957438,418007825,205129197,56123098,3537945,666946,0,161615842,483330019,114956303,29386486,572818012,101269187,88802175,413624439,364701238,162857740,453381426,449153684,50244830,188890051,581592455,157381644,74186325,71545123,1336074986,25487437,198085094,284186958,296567433,251632997,303312313,314938877,91876134,503914658,55747554,360059333,200240006,78868259
2020/03,11343389378,9407696854,995579808,676238610,263874106,6018426249,5014284937,220945459,73442649,16290084,254468646,4800403959,3723881975,2064031235,437721977,62881586,1425687,939608860,2276051773,1912853211,1141586820,724263083,571603679,534811559,392773782,339282541,282378833,263603946,241592478,229703923,174760560,155263622,151831501,120891129,88487163,109214420,83418515,79665040,72242663,47005372,409069218,0,109838431,1863754286,3193080172,2612524881,1762613034,950135372,528692658,240340214,74447448,7413290,549594,0,102268821,548189846,121987111,44072168,697542958,123378860,107339084,594504202,472783607,239540226,660141095,576012956,67352221,260012991,829174756,233729665,98675497,97190836,1448056400,31245843,338887327,350147138,575819652,303594268,360648072,381626437,134077993,629547508,53652871,465763683,288837455,107587832
2020/04,8359540533,7086388081,627268023,476124383,169760045,4979409387,3120477256,142935187,109740274,6978429,155043045,3586239416,2778791553,1497801435,303143361,38521723,1459813,674321566,1760093045,1541621216,849648100,553386605,420442118,371986606,278673214,248430353,211810320,180117722,142829247,119441851,137554399,125280250,93404576,84056013,53264601,70710454,45141456,51344981,40891242,52908054,250722732,0,88749211,1463766200,2367161151,1832486474,1269011022,713555618,391499391,168193885,60331484,4028881,757215,0,283794057,422380008,74945236,13528720,563780182,102714842,88995686,320866422,263960318,144889117,584852162,425430685,62777597,156784242,831195800,160236428,74070459,74226769,1083783396,28069974,241196228,202955486,265985698,248934091,232028163,244525048,37038561,517641984,40396050,333646938,161806836,72103350
2020/05,9128469833,7792519385,680465449,483318864,172166134,5273403959,3462188564,220382302,167980127,4514881,241445013,3819704831,3085422780,1607553055,333601232,40742923,1903396,693142878,1926378526,1654103282,965246115,643890374,493643007,411374607,297419011,263776129,203195284,191258272,172459056,143616355,143850524,124716527,96278263,86870795,81646914,65444115,51272419,48464031,46356076,54804478,267359399,0,116694263,1632254424,2608339408,1994175100,1345217102,751412538,425470849,189567804,60474503,3883726,980116,0,270675147,406258949,57529690,12320469,636508496,117964478,98557190,493964607,311427576,179019299,679103944,596673949,37338433,255210700,878826200,188216704,69460821,70380609,950012818,29949675,245133387,222280295,254896862,269065567,309497950,262147329,29141522,601550830,40982130,372137594,134430097,47806516
2020/06,11507915530,9763413894,855198644,653955219,235347772,6421572945,4524707422,290914713,263930492,6789959,304235672,4554325855,3876629853,2212145049,493140490,67438610,2358484,858216022,2270212665,2093590363,1203343505,786784357,605536136,530204279,416300188,365514474,297750038,262319121,211316878,181727006,142323436,191129595,141797128,106992951,97161043,95984209,70321761,72050826,66285506,68132794,370562764,0,124144379,2020456293,3247974252,2556424599,1719514520,949620338,564088079,235538195,82568122,7422410,164342,0,225269948,439648507,100436481,50508193,809552138,136957577,131988673,640863905,406600566,235032101,775877162,845616999,47563539,315616362,1054031355,203540980,108013016,84453890,1325307546,32471873,334249369,402246444,303972834,330516478,333283335,322775264,40797037,711152221,53791485,417848336,200396570,87535343
2020/07,10954226538,9271998899,825547517,634247583,222432539,5937351488,4494422536,260196483,252727296,9528734,277642676,4400100276,3566156953,2106830123,525743989,77752521,11545219,820429653,2137941218,1973646414,1156866642,752822746,587008965,451253652,381652473,310863100,262699269,250791706,205055773,170304432,166101940,170365039,126635316,112336772,89800524,78097284,82324084,78506276,65574146,67295440,444308457,0,120212748,1811156279,3074988421,2490218595,1623912974,956508075,567471140,230172774,73322293,6082716,180524,0,273604239,488039909,79571593,35734288,673604942,94444142,90156513,588929059,453586531,185053407,776258901,744023165,56395617,328101341,1050325579,185641205,71111774,56991966,1549806592,12824421,282135612,319572749,353169720,258722710,270000851,377973508,54765766,574541101,65723618,348075650,168717079,86622990
2020/08,11122802064,9315290575,899769050,661906653,245835787,5635864730,5004607036,226235929,248948209,7146159,249596512,4344188621,3699386751,2237011065,522187375,70431740,14772937,860595572,2087111464,1991563689,1151568104,742394123,580932887,496954019,399125697,328390349,265199157,251174527,217342597,185021852,177179926,175452413,148050337,117716125,109591922,84378897,84305790,92017124,61708113,77246868,423007576,0,101699637,1838905296,3135463337,2515892009,1723776308,924683193,552810338,238379136,84515829,6257101,419878,0,286453016,548895109,102916959,46524111,672563118,107580632,118630602,529273981,435544209,217079843,735906404,681196781,67403749,275840861,925079264,195463360,116988912,81652318,1616779699,32724039,348936358,272016956,366059414,277746460,290593537,387694444,112022289,550420356,42777293,400760535,217539918,61737536
2020/09,11713096263,9916807305,885272726,685245278,225770955,5904685950,5144723391,319335071,332849908,11501943,329921229,4499819923,3858215322,2393329936,555020536,76789317,8489758,875555090,2254733720,2109161061,1199788374,802518075,604408364,523294100,422767980,316436179,284610760,260111471,248579715,167934993,164996940,174290464,159750207,120938555,129545505,111812568,96891695,94048582,68347601,78593993,435490514,0,97140002,1810689427,3259149573,2700458869,1873035649,1031098565,592558134,259438305,80917071,7662985,947685,0,253428274,504579931,106199205,46489003,675461399,102132978,123921540,612699187,505398981,214022147,856587710,669436178,70503252,294666037,993761269,158855353,119679854,61828704,1676098932,28320847,319047934,347470391,369313909,300796807,334214510,383564603,141718516,625145929,74370924,409902802,235315762,98163397
2020/10,11796155262,9977197045,881876058,687220030,249862128,5836258232,5359967773,213683235,378242127,8003894,237891755,4289422722,4214996464,2413423910,551049948,89370463,9194161,887396061,2225602397,2039602822,1213196950,808821405,654447896,559674971,446589902,371393139,280958602,268039668,239618300,201650444,172249109,168038187,164939342,119675487,115112191,99930289,91756082,97562265,64887416,74081708,421736469,0,85688332,1755442632,3261472092,2733256099,1844270216,1060632199,641067388,296534108,108199343,9195665,397188,0,292649465,525764995,112162987,47545397,677856516,99005102,129241963,598019161,486559437,189135402,843061933,694779841,90606517,385890612,892279891,203690109,110061808,83578078,1658829454,21530028,312372752,421434025,314807373,321340691,335710422,399482262,121456948,615574054,79291849,412451873,239845237,80139078
