Nombre_de_la_Serie,Total_nacional,Credito_Tradicional,Infonavit_Total,Cofinavit,Tu_segundo_credito,Mejoravit,Infonavit_tu_propia_obra,Apoyo_Infonavit,Linea_II_vivienda_nueva,Linea_II_vivienda_existente,Linea_III,Linea_IV,Linea_V,Vivienda_Economica,Vivienda_Popular,Vivienda_Tradicional,Vivienda_Media,Vivienda_Residencial,Vivienda_Residencial_Plus,Vivienda_Otros,Hasta_01_UMA,Mas_de_01_y_hasta_02_UMA,Mas_de_02_y_hasta_03_UMA,Mas_de_03_y_hasta_04_UMA,Mas_de_04_y_hasta_05_UMA,Mas_de_05_y_hasta_06_UMA,Mas_de_06_y_hasta_07_UMA,Mas_de_07_y_hasta_08_UMA,Mas_de_08_y_hasta_09_UMA,Mas_de_09_y_hasta_10_UMA,Mas_de_10_y_hasta_11_UMA,Mas_de_11_y_hasta_12_UMA,Mas_de_12_y_hasta_13_UMA,Mas_de_13_y_hasta_14_UMA,Mas_de_14_y_hasta_15_UMA,Mas_de_15_y_hasta_16_UMA,Mas_de_16_y_hasta_17_UMA,Mas_de_17_y_hasta_18_UMA,Mas_de_18_y_hasta_19_UMA,Mas_de_19_y_hasta_20_UMA,Mas_de_20_y_hasta_21_UMA,Mas_de_21_y_hasta_22_UMA,Mas_de_22_y_hasta_23_UMA,Mas_de_23_y_hasta_24_UMA,Mas_de_24_y_hasta_25_UMA,Mas_de_25_UMA,Otros_UMA,Hasta_20_anios,De_21_a_25_anios,De_26_a_30_anios,De_31_a_35_anios,De_36_a_40_anios,De_41_a_45_anios,De_46_a_50_anios,De_51_a_55_anios,De_56_a_60_anios,De_61_a_65_anios,66_anios_o_mas,Otros_anios,Aguascalientes,Baja_California,Baja_California_Sur,Campeche,Coahuila,Colima,Chiapas,Chihuahua,CDMX,Durango,Mexico,Guanajuato,Guerrero,Hidalgo,Jalisco,Michoacan,Morelos,Nayarit,Nuevo_Leon,Oaxaca,Puebla,Queretaro,Quintana_Roo,San_Luis_Potosi,Sinaloa,Sonora,Tabasco,Tamaulipas,Tlaxcala,Veracruz,Yucatan,Zacatecas
2012/01,27835,14720,4485,1513,1,6803,0,313,13750,6421,92,7402,170,510,10652,6875,2277,609,100,6812,242,3860,5413,4062,2868,2234,1549,1160,895,709,543,486,401,350,315,293,283,248,215,160,164,161,153,235,827,0,9,131,3175,5858,5327,4791,3397,2474,1516,699,117,28,322,545,1679,340,163,1743,263,231,1402,1966,555,1852,989,186,495,2507,407,357,193,3484,155,755,642,662,561,854,1175,328,1038,156,1320,654,178
2012/02,46796,30677,5064,1641,0,9088,0,326,26690,9522,84,10228,272,1353,24876,7974,2585,753,167,9088,918,14090,9896,5052,3420,2595,1849,1411,1098,827,691,520,500,418,366,364,311,297,198,205,164,174,138,259,1034,1,0,367,6625,10059,8922,8140,5690,3618,2001,882,147,19,326,898,2635,360,299,3080,299,411,2401,3454,1214,2764,1918,335,948,3534,952,522,281,5541,251,1185,931,1674,826,1303,2321,546,2365,352,1818,1067,311
2012/03,55264,36978,5716,1889,0,10278,0,403,30854,12363,110,11648,289,1577,29723,9632,2971,874,209,10278,1392,16127,11605,6620,4207,3061,2099,1688,1220,1028,777,638,512,467,389,405,327,306,242,191,184,183,168,345,1083,0,0,437,7826,12143,10807,9311,6655,4230,2335,945,149,23,403,1155,2868,500,505,3035,427,528,3068,3710,1559,3851,2242,426,915,3823,986,634,385,6374,249,1835,1548,1506,1036,1586,2501,776,2468,363,2324,1671,410
2012/04,37231,23149,4364,1277,0,8085,0,356,18552,8225,76,10183,195,1017,17251,7598,2436,681,163,8085,908,8601,7290,5050,3248,2460,1720,1345,1030,788,602,469,432,349,285,333,241,231,202,138,126,139,126,252,866,0,0,287,4716,7989,7061,6323,4616,3219,1762,762,127,13,356,599,2134,402,281,1787,260,327,1683,3517,1304,2917,1306,259,618,2849,691,438,248,4562,160,1007,864,1038,951,946,1377,446,1101,304,1586,954,315
2012/05,51287,32253,5910,1825,0,11006,0,293,25127,11481,139,14246,294,1255,24321,10151,3412,948,194,11006,1230,11222,11116,6888,4412,3371,2329,1872,1429,1024,828,634,578,486,447,406,343,264,251,192,181,187,183,269,1144,1,0,337,6754,10675,10053,8720,6457,4454,2379,976,173,16,293,723,2917,588,319,2239,319,398,2735,5172,1450,4811,2041,321,934,3805,1043,514,356,5972,188,1388,1449,778,1004,1305,1852,767,1901,308,2073,1335,282
2012/06,59423,38250,6612,2034,0,12104,0,423,31408,11550,227,15876,362,1254,29151,11899,3821,955,239,12104,1624,14025,12668,7666,5014,3797,2668,2115,1629,1228,859,746,625,545,499,424,403,335,261,218,195,211,159,330,1177,2,0,437,7804,12813,11588,10233,7324,4858,2538,1175,203,27,423,778,3342,562,303,2598,402,801,2594,5547,1111,5707,2476,359,1153,4709,980,863,647,6776,211,1576,1605,1799,1156,1498,2174,928,1996,423,2707,1167,475
2012/07,50753,30017,6067,2154,0,12161,0,354,23521,10643,121,16221,247,1149,21702,10679,3894,945,223,12161,1142,10389,10277,7031,4540,3432,2481,1991,1598,1137,860,729,588,494,446,403,381,334,259,203,202,210,184,300,1142,0,0,371,6554,10670,9812,8548,6399,4257,2500,1118,152,18,354,794,3239,479,334,2545,303,495,2281,5922,1074,3974,1852,340,731,3808,792,577,269,5763,187,1240,1259,1369,1085,1338,2282,789,1617,369,2166,1223,257
2012/08,51297,28270,6194,2161,0,14377,0,295,24971,10634,141,15292,259,804,21834,10048,3215,842,177,14377,1094,10281,11606,7789,4627,3343,2316,1790,1320,956,790,633,562,449,382,442,356,264,248,201,182,204,179,258,1025,0,0,346,7053,11462,10070,8631,6059,3924,2323,981,146,7,295,787,2889,551,308,2244,363,464,2905,2946,772,4220,2569,392,972,3813,763,591,506,7546,178,1481,1317,1579,976,1145,2263,784,1773,303,2312,1324,261
2012/09,49269,26398,5359,1908,0,15352,0,252,23864,9548,112,15506,239,727,21211,8439,2683,712,145,15352,1243,11109,11524,7230,4221,2940,1992,1535,1177,903,705,527,472,385,340,372,266,292,216,210,177,146,116,225,946,0,0,330,7000,11097,9879,8059,5719,3744,2175,884,128,2,252,916,3156,465,288,2057,265,554,3374,2372,896,4169,2173,414,773,3509,758,808,451,6409,319,1564,1211,1374,770,1422,2070,811,2022,216,2277,1065,341
2012/10,54410,25998,5853,2176,172,19902,0,309,22808,11094,144,20112,252,831,20264,9416,2979,837,181,19902,1364,11721,12351,8080,4785,3340,2330,1793,1325,1050,774,639,530,413,444,382,387,278,304,233,251,180,163,264,1029,0,0,347,7403,11876,10644,9045,6527,4463,2533,1106,148,9,309,1009,3039,574,361,2421,313,547,4126,3023,959,3980,2048,487,1011,3733,785,787,557,6839,407,1445,1414,1404,1034,1802,2491,894,2430,309,2627,1168,386
2012/11,47222,19723,5262,1902,626,19491,0,218,17051,10157,125,19657,232,625,14345,9112,2731,782,136,19491,983,8580,10393,7628,4475,3061,2174,1684,1302,994,754,640,573,457,411,339,342,269,227,183,190,162,148,233,1018,2,0,271,6171,10277,9305,7785,5654,4030,2347,1008,151,5,218,849,2715,667,313,2517,251,483,3286,2955,745,3440,1590,464,833,3348,599,748,362,5894,238,1266,1148,1230,1103,1394,2007,899,2285,252,2049,997,295
2012/12,47566,23724,6551,1935,1142,14054,0,160,20267,12625,135,14251,288,734,17261,11306,3191,847,173,14054,905,7169,10078,8120,4734,3462,2303,1820,1457,1061,873,683,589,480,403,411,359,340,258,236,209,204,170,207,1034,1,0,322,6684,11002,9457,7641,5587,3679,2062,858,108,6,160,739,2539,604,239,2435,403,683,2975,2787,767,4177,1726,454,885,3156,788,706,410,5818,292,1306,1642,1303,981,1323,1886,640,2160,248,2209,965,320
2013/01,45398,25684,3081,1534,724,14007,0,368,25054,5934,90,14152,168,913,21976,5613,2104,660,125,14007,1487,13574,10911,5325,3215,2193,1555,1214,891,663,516,468,379,319,287,258,222,212,174,143,132,149,130,163,818,0,0,346,6709,9938,8961,7618,5341,3415,1841,762,96,3,368,860,2462,515,211,2114,241,715,2032,1569,853,3184,1737,357,1201,4291,965,699,437,5924,403,1374,1248,1535,1055,1194,1582,618,2282,285,2305,899,251
2013/02,44232,18342,3012,1463,826,20321,0,268,15416,8030,116,20475,195,905,13975,6127,2207,569,128,20321,1012,9038,10358,6910,4040,2680,1847,1387,1067,836,634,489,429,377,309,322,284,282,192,198,168,168,127,160,918,0,0,314,6207,9417,8377,7089,5514,3735,2182,983,142,4,268,753,2395,584,276,2271,301,405,4093,2104,935,3170,1587,511,629,3211,671,555,358,5402,192,1084,979,850,1193,1285,1975,572,2769,269,1676,910,267
2013/03,48478,23357,2983,1549,925,19483,0,181,20002,8531,100,19645,200,912,18569,6648,2155,570,141,19483,1207,12260,11731,6706,3990,2757,1879,1354,1054,797,629,494,424,339,313,281,274,212,186,185,134,128,112,172,860,0,0,331,6997,10338,9425,8020,5805,3924,2371,951,131,4,181,834,2472,640,286,2103,322,659,4349,2181,1107,4326,1887,491,766,3249,856,579,366,5841,217,1519,1048,951,1162,1229,2298,688,2479,269,1949,1025,330
2013/04,62632,30086,3574,1868,1156,25669,0,279,25733,10690,131,25871,207,1233,24156,8005,2707,715,147,25669,1769,16743,14709,8500,4963,3396,2227,1783,1282,984,787,637,554,470,426,405,366,314,253,224,191,177,169,198,1105,0,0,500,9215,13234,11756,10130,7721,5185,3046,1363,202,1,279,1224,3076,893,368,3053,397,681,4800,2845,1312,5160,2217,621,1007,5328,1010,822,493,7773,290,1302,1579,1612,1635,1894,2984,932,2711,355,2159,1768,331
2013/05,56895,27182,3696,2071,1217,22518,0,211,21868,11974,110,22697,246,1205,21308,8139,2865,722,138,22518,1591,14427,13018,7811,4568,3225,2132,1643,1314,1011,818,652,558,461,410,361,356,306,256,220,165,184,145,190,1073,0,0,382,8041,12151,10802,9349,6839,4878,2820,1244,174,4,211,1113,2933,972,353,2718,388,548,3822,2627,1287,4117,2544,508,1008,4774,948,842,486,7112,311,1295,1376,1193,1406,1786,2617,816,2744,290,2170,1353,438
2013/06,54000,22434,3353,1834,1178,25013,0,188,17958,10584,92,25202,164,860,17083,7503,2704,673,164,25013,1586,12054,12524,8094,4691,3215,2058,1672,1258,967,724,574,542,454,387,397,352,296,245,212,188,165,147,190,1008,0,0,390,7465,11141,10346,8856,6756,4648,2761,1273,169,7,188,985,2755,893,400,2570,357,393,4481,2738,1084,4788,2290,410,972,3898,753,727,579,6666,260,1226,1271,1161,1219,1607,2261,720,2761,297,2173,1003,302
2013/07,64192,25839,3457,1981,1430,31207,0,278,20918,11452,162,31406,254,995,19915,8033,3028,865,149,31207,2054,15335,15187,9199,5324,3418,2430,1897,1408,1062,829,719,593,557,471,447,388,342,305,270,193,210,200,206,1148,0,0,497,8946,13175,11898,10625,8015,5670,3360,1537,187,4,278,1138,3302,1074,327,2673,316,515,5627,3308,1736,4828,2803,653,1142,4383,817,1083,456,8076,228,1334,1604,1439,1597,1732,2963,854,3776,333,2254,1490,331
2013/08,62964,25549,2980,1992,1373,30823,0,247,20633,10986,134,31008,203,925,19300,7896,2973,870,177,30823,1952,15450,14902,8953,5177,3428,2399,1829,1426,1068,806,710,545,495,399,374,395,328,262,250,196,188,169,180,1083,0,0,514,8949,13017,11763,10179,7857,5376,3391,1478,190,3,247,1192,3169,754,364,2919,352,371,6093,3246,1516,4796,2374,545,1224,4452,912,912,619,7964,318,1437,1409,1318,1400,1772,2668,750,3592,393,2460,1389,284
2013/09,55886,21857,2651,1836,1245,28067,0,230,17703,9627,120,28230,206,699,16361,6865,2972,760,162,28067,1672,13345,13059,7961,4760,3065,2126,1667,1273,960,736,629,512,446,422,424,348,269,221,190,197,187,152,188,1077,0,0,449,8088,11433,10420,9085,6871,4905,2841,1402,160,2,230,991,2953,770,346,2596,295,346,4893,2982,1687,4070,2071,497,1141,4032,777,690,745,6937,203,1294,1382,1241,1262,1624,2266,629,3350,255,2094,1251,216
2013/10,61522,24523,2930,2299,1467,30044,0,259,19260,11629,124,30248,261,732,17858,8170,3605,917,196,30044,1933,13968,13827,9077,5330,3477,2387,1945,1529,1070,804,713,601,541,468,443,392,370,283,234,221,197,231,196,1285,0,0,407,8798,12763,11586,9942,7664,5305,3131,1463,202,2,259,823,3107,735,365,3147,426,352,4977,3236,1629,5294,2390,551,948,4534,1274,723,970,7317,254,1532,1572,1366,1390,1927,2518,680,2700,365,2455,1682,283
2013/11,49315,23355,2578,1993,1368,19739,0,282,18739,10295,123,19927,231,520,17548,7220,3222,853,213,19739,1714,11908,10820,6667,4118,2778,1975,1497,1151,890,687,584,465,470,368,387,339,298,239,218,173,150,180,164,1074,1,0,372,7274,10673,9411,7860,5932,4055,2268,1054,133,1,282,846,2924,503,276,2348,404,341,3494,2560,1197,3894,2251,461,889,3751,999,490,422,5945,197,1510,1288,1173,1079,1543,2203,498,2020,285,2100,1170,254
2013/12,61819,37257,3591,2250,1758,16865,0,98,30040,14203,166,17112,298,841,29583,9167,4073,1068,222,16865,2470,16862,13947,7627,4654,3097,2114,1662,1334,1072,824,700,608,485,462,454,407,339,325,277,236,199,183,179,1301,1,0,540,9838,13855,12183,9872,7061,4595,2525,1112,138,2,98,923,2908,509,369,2961,672,717,3177,2858,1003,4119,2709,435,1964,5117,1558,625,390,8477,255,1732,1496,1958,1214,2117,2852,916,2608,288,2955,1605,332
2014/01,33544,14980,1885,1728,987,13568,0,396,13307,6282,109,13688,158,446,10894,5111,2625,729,171,13568,907,6558,7003,5215,3125,2084,1456,1128,825,647,515,442,393,361,312,267,275,209,176,177,128,137,148,149,906,1,0,212,4759,7311,6389,5232,3974,2742,1654,789,84,2,396,556,2120,429,182,1439,288,298,1885,1231,773,2416,1721,405,467,2242,748,461,300,4866,174,951,1149,694,767,1033,1211,415,1503,302,1633,660,225
2014/02,40612,19479,2034,1629,1068,16230,0,172,16487,7441,138,16357,189,656,14801,5628,2578,594,125,16230,988,9440,9134,5750,3497,2380,1581,1322,953,711,624,462,413,370,327,286,276,235,217,162,144,127,121,126,966,0,0,376,6380,8881,7755,6339,4647,3182,1874,888,116,2,172,692,1928,437,279,1952,308,432,2583,1691,1006,2784,2305,522,826,3026,1072,444,369,5459,222,1166,1187,625,898,1294,1800,520,2057,272,1464,748,244
2014/03,44880,23165,2327,1964,1185,15942,0,297,18643,9890,112,16066,169,671,17856,6406,3079,754,172,15942,1067,10048,10330,6415,3824,2634,1753,1414,1093,786,700,560,498,422,359,311,301,287,218,199,178,146,164,143,1030,0,0,402,6895,9996,8702,6855,5173,3483,2074,905,94,4,297,758,2322,465,325,2157,303,430,2255,2042,1075,3324,2042,622,757,3643,932,576,480,5534,217,1280,1366,1293,952,1421,2039,660,2537,284,1605,882,302
2014/04,39723,21425,2180,1817,1214,12904,0,183,17198,9149,144,13047,185,587,16344,6198,2884,666,140,12904,1004,9316,9147,5234,3265,2179,1559,1293,1005,739,598,517,451,373,297,313,285,249,223,168,175,126,143,116,947,1,0,369,6254,8827,7564,6169,4672,3013,1770,787,110,5,183,636,2304,460,300,1837,289,307,2268,1698,925,2549,1785,573,744,3394,659,524,350,5091,186,946,1126,998,843,1275,1860,670,2301,245,1579,762,239
2014/05,44551,23689,2026,2044,1479,15097,0,216,18547,10477,116,15238,173,509,18114,6720,3186,770,155,15097,1178,10267,10178,6021,3629,2531,1717,1481,1067,862,658,581,449,427,378,329,346,271,259,204,176,173,161,135,1073,0,0,372,6589,9675,8546,6922,5303,3614,2224,959,127,4,216,805,2551,508,297,2021,321,335,2768,1992,1049,3390,2122,470,684,3792,777,495,438,5706,221,1226,877,1180,943,1350,2089,540,2470,262,1716,816,340
2014/06,52029,30503,2518,2196,1733,14960,0,119,23865,12654,145,15165,200,636,23571,8235,3666,774,187,14960,1716,12572,12100,6704,4190,2727,1955,1633,1194,971,723,630,490,524,441,420,381,307,289,238,217,165,167,149,1124,2,0,506,8271,11610,10183,8102,5927,3919,2303,955,130,4,119,761,2904,572,321,2603,488,420,3061,2079,1396,3402,2216,485,1225,3825,899,651,583,6337,248,1223,1479,1917,1243,1505,2248,1031,2846,269,2292,1156,344
2014/07,40692,26540,2584,2338,1658,7293,0,279,21078,11792,113,7484,225,508,20407,7455,3823,1002,204,7293,1313,9208,9200,5155,3089,2155,1609,1322,1008,797,616,548,484,456,388,385,334,309,266,213,179,178,165,177,1136,2,0,417,6698,9350,7842,6228,4557,2938,1639,658,80,6,279,735,2197,345,231,1901,361,220,2057,1733,722,2652,1758,375,735,3751,745,473,286,5945,103,1128,1126,1323,845,1020,2039,437,2277,149,1668,1064,291
2014/08,40816,27153,2088,1866,1679,7919,0,111,21612,10830,130,8075,169,499,20743,7501,3201,770,183,7919,1063,9448,9981,5596,3190,2079,1398,1236,945,818,638,499,434,360,342,330,272,267,220,199,133,161,134,118,954,1,0,397,6982,9222,7601,6309,4549,3045,1768,729,96,7,111,724,1869,381,252,1945,331,441,2071,1382,843,2179,1996,374,1024,3660,667,484,415,5886,115,1033,1118,1071,968,1389,1998,753,2255,214,1629,1042,307
2014/09,46341,28697,1616,1985,1754,12169,0,120,23584,10103,102,12351,201,491,21764,7518,3433,817,149,12169,1277,10427,11134,6846,3531,2406,1690,1407,1118,845,704,545,536,416,382,371,326,295,258,205,160,170,161,122,1008,1,0,469,7832,10220,8600,6998,5484,3573,2082,860,100,3,120,797,2431,279,304,2366,401,404,2035,1649,942,2839,2329,555,1216,3967,656,581,390,5786,201,1123,1416,1975,983,1251,2166,871,2852,311,1924,1007,334
2014/10,53733,32980,1544,2097,1930,14869,0,313,26230,12002,178,15085,238,567,24556,8681,3871,954,235,14869,1499,12098,13222,7894,4097,2669,1940,1623,1298,959,730,642,557,480,441,433,351,316,281,236,201,195,146,161,1263,1,0,520,8880,11501,9793,8245,6448,4318,2528,1085,100,2,313,920,2799,608,364,3083,497,603,2597,2011,1417,3401,2607,594,1214,4615,784,665,440,6837,197,1412,1380,1794,1240,1414,2441,737,3105,286,2081,1199,391
2014/11,54988,32024,1195,2004,1783,17694,0,288,25753,11033,141,17881,180,617,24206,7855,3493,923,200,17694,1354,13108,13716,8107,4311,2731,2016,1569,1133,921,724,598,516,433,381,343,322,338,243,222,182,180,162,181,1197,0,0,470,8781,11691,9829,8718,6657,4512,2725,1181,132,4,288,912,3085,858,409,3003,640,552,2695,2572,1392,3203,2324,448,1394,4668,1190,594,449,6363,233,1422,1490,2057,1188,1397,2306,719,3265,291,2294,1243,332
2014/12,63904,39544,1798,2427,2491,17543,0,101,30041,15730,197,17737,199,824,28660,10714,4779,1169,215,17543,654,14930,15732,9706,5001,3226,2357,1965,1446,1146,991,787,652,541,519,505,419,401,327,293,247,226,190,192,1451,0,0,595,10331,13758,11829,9730,7787,5259,3063,1289,157,5,101,1217,3360,861,356,4231,746,634,3649,2733,1335,3790,3277,542,2061,4885,1127,758,719,6528,227,1858,1989,1638,1444,1894,3027,889,3217,256,2622,1659,375
2015/01,34132,14886,890,1807,1283,15129,0,137,12415,6197,128,15292,100,487,9965,4918,2778,710,145,15129,283,6851,7708,5487,3088,1898,1461,1183,873,700,525,488,393,368,311,294,269,230,213,185,146,118,112,174,774,0,0,266,4936,7282,6223,5324,4287,2971,1784,820,99,3,137,594,2346,531,262,2067,225,302,1961,1451,996,1945,1191,309,330,2497,536,588,347,4050,177,1007,945,666,742,796,1375,708,2065,211,1592,1085,235
2015/02,53449,28240,878,1702,1393,21073,0,163,23830,8327,71,21132,89,662,22467,5784,2655,687,121,21073,483,14291,14351,8021,4136,2524,1699,1373,1025,740,641,496,397,368,322,301,288,254,211,175,145,129,105,187,787,0,0,628,9219,11364,9444,8058,6521,4274,2479,1155,139,5,163,1034,3255,723,260,3184,517,420,3246,1812,1447,3094,2280,440,1114,4501,815,762,479,7131,272,1188,1222,1250,1038,1267,2369,870,3196,290,2202,1477,294
2015/03,58503,31032,922,2053,1808,22513,0,175,23998,11835,142,22518,10,826,24047,6917,3254,801,145,22513,612,15747,15125,8743,4424,2690,1951,1574,1185,899,694,618,530,410,398,341,295,266,232,194,151,133,110,225,956,0,0,561,9884,12438,10652,8766,7193,4765,2762,1150,153,4,175,965,3338,897,290,3332,578,523,4079,2258,1664,3346,2328,584,1288,5121,978,787,619,6804,284,1423,1327,1241,1311,1667,2576,846,3524,364,2287,1513,361
2015/04,58012,30844,801,2015,1654,22398,0,300,25134,10310,137,22431,0,564,23912,6943,3221,799,175,22398,538,15172,15553,8866,4425,2623,1993,1557,1141,875,654,576,493,421,320,340,293,239,221,183,141,162,134,251,841,0,0,623,9786,12457,10395,8726,6992,4657,2672,1240,159,5,300,1213,3420,786,331,3269,517,440,4264,2029,1444,3504,2519,556,1179,5332,814,729,546,6998,248,1361,1287,1795,994,1654,2366,906,3370,289,2175,1345,332
2015/05,55147,27992,894,2313,1824,21986,0,138,21757,11115,157,22118,0,505,21193,6987,3428,878,170,21986,472,13550,14221,8451,4481,2768,2062,1645,1116,872,718,596,461,448,350,363,297,239,206,185,164,159,142,219,962,0,0,596,9235,11794,9938,8302,6697,4513,2631,1147,151,5,138,974,3092,844,357,3375,378,467,4219,2092,1505,3206,2106,403,1049,4690,847,687,498,6441,327,1344,1242,2052,960,1449,2355,835,3268,338,2106,1354,287
2015/06,59544,28072,1106,2835,2144,25000,0,387,21357,12506,384,25262,35,749,19667,8426,4296,1131,275,25000,563,13144,14878,9181,5108,3269,2356,1896,1323,1045,839,702,576,506,451,493,388,335,257,201,185,190,168,379,1111,0,0,540,9280,12638,11190,9075,7081,4917,2942,1299,186,9,387,1073,3353,932,376,3781,418,463,4491,2669,1550,3879,2547,613,1188,4987,752,843,470,7304,278,1431,1515,1282,1250,1679,2450,852,2999,295,2146,1332,346
2015/07,55804,22239,932,2776,1988,27617,0,252,16337,11126,210,27967,164,532,14880,7523,4017,1028,207,27617,392,10817,13834,9239,5112,3541,2429,1869,1338,1014,841,665,543,477,424,426,345,295,216,204,196,168,142,287,990,0,0,523,8604,11700,10295,8524,6900,4751,2777,1325,147,6,252,987,3536,873,320,3659,347,439,4476,2593,1406,3810,2157,509,917,4265,783,842,480,6358,262,1180,1528,1011,1180,1400,2404,980,3265,292,2033,1220,292
2015/08,58348,23232,896,2538,1987,29362,0,333,17927,10417,188,29634,182,490,16182,7180,3907,1009,218,29362,373,11947,14927,9725,5240,3485,2431,1862,1280,990,782,645,527,461,395,397,353,284,239,209,186,168,156,316,969,1,0,557,9251,12309,10568,8808,7121,4929,2933,1385,149,5,333,1096,3589,1054,372,3843,371,483,4704,2499,1391,4078,2246,548,866,4596,833,979,367,6955,225,1369,1509,1096,1478,1369,2332,952,3103,246,2054,1439,306
2015/09,64350,29120,871,2628,2104,29325,0,302,23076,11351,282,29467,174,602,21211,8098,3899,1011,204,29325,414,14614,16921,10661,5472,3505,2403,1852,1305,988,820,667,555,469,407,386,345,313,247,205,163,179,139,294,1026,0,0,592,10412,13576,11703,10028,7803,5364,3090,1317,156,7,302,1293,3591,962,366,4524,441,520,4930,2473,1437,4410,2564,585,1215,4656,1111,1047,446,7507,268,1573,1853,1793,1451,1598,2453,946,3690,291,2364,1629,363
2015/10,69661,34049,1018,2869,2195,29113,0,417,27243,12512,325,29419,162,715,24761,9195,4495,1138,244,29113,508,16183,18694,11244,5654,3538,2543,1996,1475,1074,834,690,595,527,443,443,395,351,317,222,174,177,155,349,1079,1,0,627,11375,14956,12652,10630,8412,5683,3300,1434,165,10,417,1263,3978,936,365,4610,622,525,4855,2626,1428,5144,3345,578,1732,4718,989,1056,567,7683,310,1718,1811,1928,1655,2033,2958,1061,4072,311,2697,1673,414
2015/11,58561,25705,848,2785,2018,26926,0,279,20102,10840,225,27227,167,599,17928,7716,4068,1080,244,26926,399,12332,15410,9747,4859,3211,2324,1717,1401,1037,785,671,536,479,403,362,338,281,223,224,191,189,149,289,1002,2,0,568,9370,12592,10750,8794,7199,4828,2798,1219,156,8,279,1193,3350,904,358,4046,457,400,3373,2666,842,4030,2732,459,1385,3953,912,1019,530,6862,201,1670,1575,1414,1370,1677,2588,1109,3519,259,1917,1373,418
2015/12,62685,33355,1192,3473,2801,21401,114,349,25256,14980,498,21794,157,951,23104,10105,5297,1493,334,21401,473,14241,15479,9332,4714,3399,2629,2072,1447,1167,892,714,703,593,501,502,429,383,330,303,234,219,207,348,1374,0,0,561,9422,13361,11689,9676,7687,5304,3110,1338,179,9,349,1721,3423,810,301,3980,776,513,3672,3132,926,4897,2517,460,2002,4926,749,940,478,6520,370,1611,1685,1299,1406,2095,2460,1153,3486,336,1943,1665,433
2016/01,35261,12701,516,2276,1291,18160,39,278,11319,5435,102,18311,94,289,8645,4400,2825,797,145,18160,118,7047,8926,5703,3065,2061,1463,1194,859,652,511,402,404,323,292,253,219,189,180,153,134,106,126,219,662,0,0,331,5558,7440,6665,5383,4143,2896,1680,786,100,1,278,717,2491,592,219,2353,249,287,2328,1271,634,2757,1352,338,419,2661,422,700,345,3222,196,860,979,1082,902,970,1444,632,2171,179,1418,879,192
2016/02,55134,27446,582,2140,1461,23177,7,321,23135,8346,99,23440,114,565,21275,6274,2927,749,167,23177,144,13629,15657,8839,4302,2676,1887,1426,1054,758,593,521,401,355,279,311,252,208,180,193,150,114,129,249,826,1,0,628,9854,12199,10196,8031,6345,4104,2287,1048,115,6,321,1156,3520,758,255,3768,465,373,3333,1769,867,3729,2299,479,1193,4901,827,986,564,6178,191,1314,1498,1694,1107,1701,2359,942,2997,293,1925,1296,397
2016/03,35018,25374,684,2351,1644,4619,0,346,20557,9105,357,4897,102,768,18688,6684,3249,792,218,4619,70,7728,9074,5289,2637,1845,1275,1052,814,632,510,441,410,374,297,280,245,220,197,148,140,143,132,237,828,0,0,436,6211,8268,6819,4919,3606,2412,1387,541,71,2,346,712,1587,331,120,1977,389,261,1918,1338,439,1995,1813,286,1053,3628,629,290,280,4725,126,801,997,1392,722,901,1384,423,2010,149,1268,904,170
2016/04,32114,26274,831,2780,1932,0,0,297,20913,10496,334,250,121,751,18942,7420,3813,982,206,0,43,6192,8032,4926,2392,1569,1234,1070,817,685,559,485,443,383,331,337,292,264,224,175,175,166,151,241,927,1,0,335,5769,7680,6543,4453,3245,2126,1144,461,59,2,297,620,1469,253,118,1727,328,261,1649,1228,450,1740,1733,158,952,3389,733,231,272,4469,112,925,899,1361,694,1014,1247,336,1506,107,1249,699,185
2016/05,32322,26515,863,2764,1973,0,1,206,20332,11115,473,296,106,918,19042,7285,3906,990,181,0,34,5902,8199,5155,2374,1714,1342,1030,814,651,542,479,435,415,333,364,294,263,208,188,179,130,148,216,913,0,0,362,5747,7908,6516,4350,3307,2156,1231,478,55,6,206,585,1437,269,130,1664,378,276,1711,1287,486,1832,1505,181,902,3130,695,276,284,4381,134,836,949,1480,795,830,1375,417,1988,99,1081,756,173
2016/06,40454,33380,1044,3063,2257,0,6,704,26358,13259,400,321,116,969,24614,8709,4614,1223,325,0,67,8955,10213,5960,2845,1819,1473,1193,997,755,664,559,506,456,400,422,337,280,248,204,220,177,197,427,1080,0,0,414,7306,9663,7800,5659,4316,2557,1395,558,79,3,704,904,1431,329,164,2390,498,247,2311,1578,547,1985,2223,236,971,4880,653,303,377,5661,141,918,1063,1782,825,1295,1761,461,2011,105,1248,905,251
2016/07,29171,23582,737,2640,1810,0,1,401,17631,10776,238,397,129,663,16394,7130,3737,1009,238,0,34,5579,6917,4327,2319,1501,1195,1033,826,627,519,462,367,333,305,318,259,249,207,175,167,118,146,286,902,0,0,272,4809,6821,5997,4149,3063,1991,1148,461,57,2,401,552,1417,230,108,1489,285,255,1656,1354,425,1776,1489,184,835,2959,536,226,166,3933,131,706,773,1398,657,938,983,322,1261,124,1120,680,203
2016/08,34968,25563,914,2735,2198,3101,3,454,19055,11929,325,3532,127,843,17516,7978,4158,1097,275,3101,47,6252,8229,5497,2794,2072,1524,1269,964,772,624,503,495,434,350,394,276,267,220,217,184,155,159,309,960,1,0,295,5436,7961,6900,5198,3966,2573,1516,588,77,4,454,710,1914,417,131,1884,304,265,2105,1670,497,1876,1568,257,997,2917,653,284,280,4786,188,953,1085,1092,805,1032,1459,379,1739,226,1443,766,286
2016/09,37304,23823,844,2720,2123,7470,1,323,17858,10996,461,7869,120,906,16175,7517,3980,1027,229,7470,45,6731,8909,5930,3057,2206,1691,1374,1087,781,619,530,415,441,336,356,321,313,248,186,170,156,156,268,978,0,0,256,5125,8182,7408,5750,4535,3056,1734,846,84,5,323,748,2112,465,160,1820,277,325,1853,1659,691,2255,1983,255,993,2736,604,403,358,4915,192,1041,1203,1407,872,1056,1411,426,2175,222,1446,909,332
2016/10,39483,25468,949,2808,2205,7672,2,379,19019,11893,326,8134,111,858,17067,8363,4159,1140,224,7672,44,6900,9349,6422,3325,2320,1802,1428,1098,855,703,550,532,418,399,373,354,321,254,197,182,172,160,275,1050,0,0,261,5353,8716,7745,6202,4712,3255,1891,858,106,5,379,788,2256,508,177,1954,298,398,2192,1987,731,2587,1711,297,1078,2900,683,406,402,4932,189,1043,1220,1436,890,1111,1538,487,1915,188,1647,1130,404
2016/11,38329,24864,872,2674,2149,7579,0,191,17757,12077,321,8052,122,882,16713,7985,3904,1062,204,7579,43,6482,9267,6198,3298,2213,1780,1446,1066,838,683,589,500,460,315,338,301,281,253,232,166,186,151,211,1032,0,0,290,5362,8370,7658,5818,4696,3172,1863,820,84,5,191,756,1992,424,197,2053,374,369,2485,1859,702,2371,1579,287,1233,2806,626,453,315,5068,149,885,1007,1373,826,1145,1656,501,1732,201,1466,960,479
2016/12,42728,27732,1195,3408,2930,7447,0,16,18942,15205,484,7989,108,1068,17341,10076,5210,1337,249,7447,51,6675,9599,6741,3642,2580,2123,1743,1312,999,814,721,596,552,474,488,420,390,292,267,238,195,173,229,1413,1,0,249,5667,9530,8657,6618,5167,3675,2141,907,98,3,16,659,2339,420,211,2451,346,336,2558,2352,777,2852,2557,318,872,3632,569,549,429,5082,158,1148,1401,1391,980,1016,1753,386,2026,186,1656,868,450
2017/01,21325,11904,551,2232,1409,4827,0,402,9563,6396,59,5241,66,349,6959,4958,3155,920,157,4827,30,2558,4340,3365,1893,1494,1141,946,714,562,494,423,377,318,259,253,243,237,173,181,162,235,100,121,706,0,0,128,2679,4634,4177,3279,2551,1785,1103,516,69,2,402,444,1189,229,102,1177,85,174,1379,1340,455,1368,899,106,298,1913,232,198,180,3099,46,497,710,754,522,568,715,197,881,96,790,558,124
2017/02,39264,27032,626,2316,1571,7360,0,359,22697,8591,81,7810,85,593,20548,6634,3105,841,183,7360,67,8696,10860,6319,2896,1894,1480,1088,833,646,492,437,395,341,331,292,261,232,211,171,155,223,101,111,732,0,0,287,6261,8893,7736,5900,4410,2976,1637,715,88,2,359,880,1596,308,181,2449,432,284,2200,1476,920,1973,2253,241,710,4814,768,287,408,5148,132,1103,1077,1151,846,1228,1598,490,1931,161,1172,832,215
2017/03,40305,23468,806,2965,1951,10518,0,597,17325,11442,331,11093,114,1029,15815,7461,4020,1189,273,10518,60,7194,9876,6312,3391,2379,1860,1400,1079,858,688,573,483,410,369,337,324,323,268,226,178,347,147,161,1062,0,0,264,5561,9003,7986,6130,4701,3162,1906,882,109,4,597,811,2154,420,170,2354,335,534,2401,2106,780,2761,1996,271,752,3078,649,421,422,5264,214,1049,1314,1178,838,1130,1660,526,1796,180,1386,1051,304
2017/04,33651,20887,582,2155,1591,8241,0,195,15730,8812,310,8725,74,786,14804,5714,3047,889,170,8241,61,6579,8876,5307,2705,1812,1413,1019,845,602,501,433,369,340,288,314,259,208,204,161,139,156,117,115,828,0,0,258,4862,7494,6766,5174,3970,2618,1532,705,74,3,195,578,1812,363,150,1970,300,371,1811,1856,617,2097,1373,255,868,2942,560,340,302,4005,132,945,1017,1351,763,885,1168,483,1501,162,1348,1025,301
2017/05,47019,30883,671,2462,1937,10535,0,531,23513,11522,619,11292,73,1218,21232,8657,4048,1099,230,10535,73,9886,12529,7346,3821,2492,1833,1349,1076,870,687,571,449,450,390,366,337,276,257,227,199,305,129,141,960,0,0,374,7112,10439,8920,7422,5647,3575,1947,935,115,2,531,1016,2357,496,237,2546,454,584,2513,2365,1018,3022,2173,334,912,3785,688,401,479,5993,192,1292,1427,2243,1024,1322,1738,573,2246,192,1623,1319,455
2017/06,51756,33531,698,2654,2050,12334,0,489,23849,13947,669,13174,117,1236,22437,9591,4595,1288,275,12334,76,11288,13678,7835,4188,2742,1948,1604,1215,862,702,599,531,492,388,433,386,319,291,229,237,330,147,146,1089,1,0,398,7516,11397,9984,8164,6342,4049,2333,968,112,4,489,948,2717,602,286,3110,511,697,2976,2744,1032,3184,2444,361,1500,4301,833,534,446,6460,297,1335,1460,1652,1073,1439,1945,567,2495,242,1783,1338,444
2017/07,47199,28973,632,2404,1902,12744,7,537,20846,12311,429,13506,107,887,18674,9051,4298,1277,268,12744,76,9122,12278,7636,4061,2729,1978,1435,1160,816,673,583,504,468,375,392,336,265,245,212,199,324,152,140,1040,0,0,352,6882,10307,9211,7385,5648,3819,1985,957,113,3,537,1041,2329,529,240,2642,313,574,3228,2633,903,3058,2140,334,1315,3893,682,500,305,5837,221,1205,1520,1751,890,1124,1679,548,2306,178,1463,1392,426
2017/08,50512,30783,650,2416,2078,14185,5,395,21005,13810,526,15071,100,1043,19346,9850,4553,1236,299,14185,54,9430,13319,8315,4408,2892,2148,1590,1176,950,698,643,551,504,428,399,362,284,234,202,198,286,159,135,1147,0,0,394,7353,11025,9764,7785,6267,4072,2320,1021,115,1,395,954,2862,599,286,2524,518,741,3308,2954,1021,3024,2145,299,1224,4236,748,540,391,6039,253,1158,1552,1609,1041,1235,1881,702,2744,239,1728,1477,480
2017/09,46203,27077,620,2254,1846,14206,6,194,17807,12908,444,14955,89,880,16556,9048,4151,1123,239,14206,41,8089,11911,7854,4222,2831,1954,1552,1164,909,669,563,479,410,397,356,314,313,239,188,191,200,141,155,1061,0,0,346,6738,10263,8926,7193,5534,3840,2125,932,106,6,194,844,2661,526,293,2790,390,511,3157,2447,1051,3056,1924,318,956,3669,651,391,353,5732,268,1100,1447,1291,1007,1278,1603,708,2588,181,1457,1174,381
2017/10,49339,28681,695,2192,2092,15208,19,452,19503,13234,520,15997,85,925,17360,9698,4711,1195,242,15208,57,8472,12569,8161,4582,3010,2209,1685,1300,970,775,672,529,478,426,412,406,251,276,246,220,283,140,151,1059,0,0,351,7060,10738,9400,7604,5982,4198,2386,1034,130,4,452,900,2682,519,322,2727,399,803,3225,2540,1097,3554,1997,432,1324,3966,713,475,389,5568,220,1407,1662,1519,981,1224,1658,575,2653,269,1662,1509,368
2017/11,50757,30402,648,2230,1996,15082,31,368,21028,13108,617,15920,84,1072,19480,9129,4526,1216,252,15082,52,9582,13472,8310,4405,2814,2191,1615,1197,931,724,634,554,445,396,426,354,300,265,226,208,255,144,159,1098,0,0,387,7536,11196,9712,7964,6115,4011,2395,974,97,2,368,1046,2688,630,306,2916,433,757,3435,2541,1107,3438,2305,322,1014,4001,741,497,319,5860,277,1510,1421,1548,940,1431,1778,671,2714,220,1865,1554,472
2017/12,56069,34605,843,2761,2574,14831,5,450,22563,17060,618,15749,79,1079,20600,11820,5894,1538,307,14831,78,9849,13873,9152,5101,3370,2459,1817,1390,1187,948,744,650,616,547,526,442,403,352,265,247,308,208,192,1345,0,0,396,7790,12746,10928,8896,6700,4578,2424,1051,108,2,450,1116,2851,700,394,3269,499,721,3880,3133,1151,4112,2724,459,1605,4206,938,643,453,5660,295,1565,1803,1681,1040,1508,2016,628,2563,328,1987,1666,475
2018/01,24124,14707,411,1573,1358,5688,0,387,10705,7175,88,6112,44,308,8076,5792,3180,906,174,5688,26,2989,5318,4214,2299,1578,1213,966,739,614,466,395,366,298,298,277,246,229,165,136,246,102,106,125,713,0,0,166,3236,5501,4729,3608,2832,2054,1098,481,32,0,387,464,1416,262,146,1152,106,403,1862,991,294,1703,1108,170,401,2295,311,337,116,2991,136,554,780,1033,577,560,711,265,1071,95,885,734,195
2018/02,39086,22229,490,1965,1640,12281,0,481,15983,10073,202,12766,62,586,14122,7127,3736,1020,214,12281,44,6545,9716,6462,3647,2374,1805,1394,1073,780,572,506,474,428,355,366,296,279,203,178,266,150,129,129,915,0,0,330,5417,8774,7663,5975,4701,3094,1789,762,95,5,481,804,2063,446,265,2201,281,555,2784,1840,975,2589,1775,284,897,2862,595,430,278,4835,219,1023,1173,1086,730,1090,1304,603,1972,226,1462,1065,374
2018/03,40976,22698,527,2026,1721,13823,5,176,15177,11142,304,14270,83,835,14675,7000,3622,871,150,13823,34,7106,9970,6971,3960,2600,1905,1351,1079,815,627,543,451,412,331,336,329,253,230,189,223,123,128,138,872,0,0,302,5593,9206,7975,6346,4931,3506,1984,861,94,2,176,855,2145,451,362,2506,315,581,2946,1783,1113,2781,1635,310,874,2748,590,402,262,4979,173,1310,1190,1107,717,1244,1478,598,2062,274,1640,1111,434
2018/04,42643,26852,588,2238,1869,10655,9,432,18913,11921,634,11105,70,1091,17360,8031,4237,1057,212,10655,40,7564,10771,6937,3863,2423,1872,1383,1138,843,640,591,513,436,398,390,320,302,264,209,293,155,162,160,976,0,0,370,6241,9746,8332,6607,4998,3230,1778,821,86,2,432,786,2315,454,250,2143,399,588,2675,1873,1039,3086,1858,276,775,3335,669,430,311,5371,121,1124,1105,1726,816,1199,1631,543,2371,248,1528,1238,360
2018/05,52828,29269,622,2542,1985,18027,3,380,19783,13786,484,18696,79,944,18990,8951,4553,1138,225,18027,36,10193,13112,8504,4862,3148,2435,1782,1359,989,794,651,573,504,432,455,339,313,267,246,280,175,181,348,850,0,0,449,7217,11688,10448,8211,6455,4247,2525,1071,135,2,380,1081,2702,701,363,2649,503,789,3955,2687,1249,3566,2211,393,1079,4037,723,511,409,6087,204,1442,1323,1750,1088,1581,2015,921,2794,313,1765,1525,412
2018/06,49869,30054,665,2497,2073,14143,6,431,20362,13853,508,15072,74,968,19714,8814,4659,1290,281,14143,46,9895,12386,7715,4435,2913,2224,1567,1234,939,787,640,564,484,490,420,350,327,252,244,340,182,160,360,915,0,0,395,7024,11038,9637,7925,5996,4086,2230,998,105,4,431,992,2319,573,345,2767,571,594,3463,2726,1131,3645,2124,299,1121,4029,733,510,490,5697,231,1322,1330,1355,935,1395,1859,723,2634,243,1834,1500,379
2018/07,47348,28796,583,2223,1869,13343,2,532,19626,12675,509,14461,77,967,18804,8483,4321,1190,240,13343,60,8606,11928,7820,4433,2905,2122,1519,1194,882,722,592,497,448,398,403,337,266,249,206,315,170,155,197,924,0,0,423,6808,10507,9062,7366,5716,3889,2035,904,104,2,532,926,2702,577,266,2265,297,731,3058,2722,1121,3405,1943,349,1224,3531,699,488,279,6198,262,1555,1089,1556,1000,1109,1678,545,2386,215,1435,1394,343
2018/08,51187,29215,575,2488,2026,16423,9,451,18744,14191,475,17703,74,967,18763,8903,4618,1227,286,16423,48,8836,12822,8627,4932,3201,2289,1744,1253,975,811,606,563,517,414,452,328,307,266,226,331,179,166,214,1080,0,0,400,7011,11231,9825,8219,6093,4321,2465,1043,125,3,451,1113,2692,653,304,2611,483,704,3984,3238,1102,3748,2048,382,843,3917,739,497,355,5707,459,1712,1072,1611,894,1200,1821,578,2996,271,1565,1408,480
2018/09,47491,25759,519,2222,1796,16662,7,526,17268,12084,667,17396,76,1032,16038,8222,4216,1099,222,16662,30,7367,12009,8162,4580,3155,2336,1672,1167,1001,757,642,507,443,397,401,292,299,262,210,327,157,142,203,973,0,0,352,6348,10654,9022,7437,5810,4019,2261,969,92,1,526,927,2536,565,342,2520,375,802,3544,2626,1301,3435,1924,328,911,3492,717,507,359,5220,373,1315,1256,1470,913,1429,1656,560,2487,231,1310,1620,440
2018/10,53815,29973,650,2483,2028,18065,19,597,20163,13790,838,18938,86,1239,18767,9409,4751,1301,283,18065,27,8545,13515,9407,5241,3413,2566,1916,1343,1083,794,695,630,501,481,434,370,305,280,260,386,180,164,182,1097,0,0,387,7239,11844,10480,8465,6589,4555,2459,1082,116,2,597,1123,2575,717,402,2986,431,820,3769,3283,1333,3794,2379,368,1079,4101,925,583,366,5970,307,1715,1370,1527,958,1374,1880,727,2899,410,1635,1507,502
2018/11,45517,25018,565,2058,1834,15779,13,250,16931,11309,357,16846,74,678,15498,8285,3986,1067,224,15779,21,6404,11065,8378,4655,3085,2259,1670,1206,969,768,593,488,485,392,372,324,282,245,201,276,132,146,144,957,0,0,317,6162,10245,8868,7199,5553,3824,2082,924,89,4,250,1006,2280,645,302,2375,442,708,3135,2873,1130,2856,1864,320,853,3627,707,494,298,5274,153,1389,1151,1488,832,1272,1699,714,2328,263,1297,1306,436
2018/12,43740,23791,952,2405,2217,14098,0,277,14118,13749,520,15286,67,881,13115,9397,4780,1255,214,14098,26,5315,9397,8173,4729,3129,2401,1718,1296,1034,800,672,617,484,448,458,354,301,287,247,268,185,142,197,1062,0,0,262,5503,9668,8833,6973,5321,3700,2244,874,81,4,277,998,2069,566,372,2524,376,680,3260,2596,1057,3503,1602,333,761,2913,664,506,389,4459,175,1290,1683,1242,906,1160,1761,629,2248,252,1307,1023,436
2019/01,31695,15983,625,2090,1446,10739,0,812,12363,7306,206,11777,43,418,8929,6271,3898,1151,289,10739,33,3616,6731,5891,3381,2270,1691,1271,967,724,603,530,471,395,370,314,287,245,201,376,139,126,113,146,804,0,0,208,4051,6972,6194,4796,3777,2682,1459,668,70,6,812,640,1648,379,234,1577,155,497,2113,1627,942,2381,1121,229,607,2838,292,322,152,4485,162,1113,707,1140,589,767,985,391,1511,161,769,937,224
2019/02,40004,18323,878,1989,1568,16911,1,334,11545,10118,310,17968,63,662,10796,6888,3589,991,167,16911,39,5120,9291,7553,4336,2829,2145,1556,1075,890,650,559,447,394,387,348,300,250,198,249,157,146,110,178,797,0,0,276,4962,8804,7886,6437,4794,3499,1985,901,119,7,334,726,2051,481,493,2119,367,760,2956,2509,1276,2871,1585,352,618,2601,578,399,302,4309,317,1477,1171,1097,679,906,1380,481,2027,254,1137,1287,438
2019/03,49829,22345,1057,2170,1656,22294,0,307,13926,11588,547,23703,65,1062,13902,7551,3927,927,166,22294,20,6766,12234,9655,5237,3549,2601,1762,1333,954,797,639,554,453,399,381,269,257,240,238,156,156,139,158,882,0,0,340,6463,10901,9715,8022,6059,4365,2470,1074,112,1,307,851,2335,698,684,2774,332,1116,3653,3424,1584,3899,2073,377,657,3358,790,441,366,5508,397,1762,1398,1312,817,1121,1659,506,2379,314,1340,1523,381
2019/04,41982,21107,1154,2019,1663,15710,0,329,13000,11423,361,17148,50,822,12724,7837,3805,913,171,15710,19,5491,9985,7923,4479,2872,2173,1670,1207,939,691,549,468,388,347,342,307,265,200,256,146,143,133,133,855,1,0,274,5572,9148,8103,6750,5104,3689,2002,903,108,0,329,746,2198,548,440,2493,297,812,3202,2420,939,3849,1826,284,707,3230,507,477,309,4579,223,1075,937,1336,727,1010,1519,451,1851,220,1270,1155,345
2019/05,47519,26017,1329,2291,1971,15386,0,525,17373,12477,557,17044,68,1023,16620,8660,4456,1142,232,15386,28,6387,12027,8740,4783,3111,2435,1721,1221,961,707,667,550,455,420,445,344,322,269,332,154,172,132,230,906,0,0,358,6535,10539,9113,7465,5778,3963,2153,986,99,5,525,775,2653,694,140,2894,490,322,4083,2703,727,4223,2204,325,857,3810,830,509,221,5847,244,968,752,2017,964,1217,1790,515,1712,178,1619,816,420
2019/06,47216,26555,1413,2355,1989,14301,0,603,17077,13323,499,16232,85,926,16532,9379,4595,1205,278,14301,33,6203,12017,8435,4682,3109,2350,1693,1233,1070,800,736,548,480,459,390,318,303,263,338,184,189,147,277,959,0,0,330,6106,10269,9175,7564,5796,4052,2226,989,100,6,603,985,2438,647,169,2762,459,498,3616,3009,763,3420,2202,325,848,3501,951,578,380,5286,261,1360,1042,1840,909,1363,1911,613,1718,371,1736,909,346
2019/07,49238,27568,1435,2541,1911,15419,0,364,17537,13476,581,17592,52,1045,16777,9925,4662,1188,222,15419,43,6391,12101,9277,5103,3325,2591,1778,1363,1001,816,659,571,448,457,461,347,290,221,293,188,182,144,191,997,0,0,375,6476,10699,9707,7894,5964,4182,2381,1085,108,3,364,1053,2573,731,336,2806,348,485,4040,3037,849,3690,1817,422,882,4044,721,424,449,6543,232,1207,1066,1687,1047,1321,1810,497,2048,259,1524,984,306
2019/08,46241,24749,1355,2293,1749,15835,0,260,14512,13294,531,17849,55,945,14670,9078,4427,1098,188,15835,24,6302,11066,8702,4819,3029,2435,1744,1309,963,730,608,533,479,407,370,307,274,233,284,180,167,140,169,967,0,0,326,5773,10183,8991,7558,5654,4048,2279,1035,124,10,260,1122,2457,649,302,2278,352,482,3667,2939,931,3749,2165,294,770,3612,738,506,304,5209,220,1293,1000,1315,949,1184,1603,527,2617,271,1577,841,318
2019/09,42240,24408,1370,2229,1715,12154,0,364,14565,12616,434,14531,94,833,14202,9193,4565,1112,181,12154,9,5315,9714,8000,4515,3023,2232,1686,1179,949,687,597,482,407,414,377,326,278,214,195,192,163,162,168,956,0,0,277,5375,9150,8211,6829,5156,3742,2101,917,111,7,364,1075,2312,428,344,2297,290,554,2890,2626,864,3514,2020,313,655,2918,651,463,301,5060,193,1206,951,1323,828,1053,1741,485,1971,225,1463,892,334
2019/10,44111,25570,1565,2628,1991,11745,0,612,16403,14850,645,12131,82,861,15109,9815,5086,1285,210,11745,8,5467,10312,8447,4551,2974,2164,1707,1225,973,746,684,546,483,443,415,343,286,239,245,211,181,168,183,1110,0,0,313,5856,10099,8728,6992,4907,3678,1975,871,80,0,612,966,2518,546,493,2506,307,527,3573,1859,1042,3382,2278,331,811,2968,707,507,296,5066,217,917,1063,1456,1052,1174,1629,477,2059,284,1513,1150,437
2019/11,38674,21509,1321,2155,1760,11543,0,386,14118,12389,523,11583,61,676,12756,8116,4286,1098,199,11543,19,4955,9059,7381,3988,2498,1845,1474,1038,903,669,578,501,396,380,360,334,267,213,189,140,170,154,165,998,0,0,249,5034,8789,7861,6217,4420,3136,1768,754,58,2,386,1034,1997,500,530,2248,354,498,3012,1509,829,3012,1987,295,751,2429,616,435,244,4413,192,890,944,1257,943,1094,1406,411,1788,285,1406,1007,358
2019/12,43296,27518,1776,2796,2268,8463,0,475,18059,15803,833,8527,74,1008,15646,11082,5460,1381,256,8463,16,5384,9863,7875,4279,2848,2166,1688,1299,1031,823,705,606,547,479,463,382,334,268,266,212,205,193,194,1170,0,0,261,5662,10269,8933,7044,4732,3291,1777,764,85,3,475,998,2084,461,457,2597,399,515,2858,1713,883,3095,2446,353,1033,2510,842,464,393,4487,234,1164,1858,1348,1008,1230,1553,498,2093,272,1798,1069,583
2020/01,23779,13338,666,1733,1079,6733,0,230,10934,5790,241,6768,46,286,7530,5431,2883,748,168,6733,8,2813,5351,4523,2558,1592,1166,932,714,570,494,383,310,252,247,229,174,171,155,148,90,118,88,95,598,0,0,155,3158,5586,4971,3701,2588,1880,996,447,66,1,230,625,1446,333,353,1062,152,245,1822,734,580,1621,1173,174,376,1863,337,223,137,2974,123,432,441,1000,518,653,854,347,1180,191,870,717,223
2020/02,33869,17817,1080,1805,1373,10944,0,850,12425,9788,465,11138,53,611,10225,7193,3644,1016,236,10944,11,3997,7914,6582,3543,2305,1769,1291,961,765,536,497,439,401,334,279,252,228,170,164,164,126,123,134,803,81,0,243,4486,7625,6615,5208,3854,2696,1561,650,75,6,850,693,1940,512,484,2039,305,426,2549,1182,861,1897,1413,205,541,2143,564,420,278,4272,191,645,941,840,828,1103,1294,493,1770,411,1314,963,352
2020/03,39972,23458,1452,2269,1589,10786,0,418,15632,12601,527,11156,56,715,13370,9615,4210,1069,207,10786,10,5441,9455,7431,4163,2583,1942,1552,1112,855,672,587,521,452,359,366,320,262,191,191,169,136,145,111,892,54,0,310,5550,9375,8111,6201,4237,3181,1741,754,87,7,418,467,2003,522,351,2397,358,526,3005,1550,1025,2338,1748,253,719,2710,793,408,371,4559,189,1059,1038,1701,930,1245,1529,617,2024,472,1562,1100,403
2020/04,28267,18011,877,1616,1028,6507,0,228,12779,7981,348,7126,33,449,9995,7283,3149,753,131,6507,10,3824,6882,5433,2942,1855,1380,1050,774,601,487,385,321,266,266,254,194,149,116,138,92,93,73,103,550,29,0,234,4168,6728,5603,4368,2998,2159,1164,553,59,5,228,900,1330,356,121,1702,295,402,1775,1043,641,2517,1239,225,453,2576,545,246,243,3035,149,744,670,721,683,764,823,194,1548,338,1069,694,226
2020/05,30200,19976,941,1614,1063,6258,0,348,13523,8847,542,7270,18,694,10617,8141,3419,909,162,6258,22,3970,7319,5774,3135,2082,1560,1155,821,657,473,423,360,299,278,240,192,165,151,116,109,86,100,98,555,60,0,308,4626,7293,5883,4467,3119,2280,1255,562,53,6,348,861,1292,355,127,1955,346,360,2247,1139,686,2711,1719,129,666,2909,572,213,220,2802,114,765,632,687,770,954,914,137,1753,268,1120,594,183
2020/06,39832,24955,1179,2146,1400,9745,0,407,16199,11596,721,11282,34,866,12619,10300,4805,1259,238,9745,25,5096,9480,7804,4209,2648,2045,1489,1104,879,676,575,447,376,314,368,286,218,198,176,156,150,123,137,787,66,0,338,5942,9272,7826,5989,4306,3160,1719,774,98,1,407,796,1693,553,238,2592,398,473,3230,1667,939,3048,2468,192,865,3492,636,368,303,3931,179,980,1162,883,973,1087,1238,204,2227,465,1396,837,319
2020/07,42010,23760,1109,2074,1323,13359,0,385,15059,11404,639,14869,39,776,12244,9541,4580,1246,264,13359,86,5568,10153,8241,4514,2811,2078,1455,1091,856,677,575,458,390,336,353,290,224,190,160,170,145,117,127,891,54,0,338,5635,9683,8262,6460,4791,3544,1973,847,90,2,385,979,1980,648,233,2424,306,484,3723,1816,942,3597,2458,216,826,3681,652,315,215,5047,117,844,1093,1019,862,958,1451,301,1934,682,1244,712,251
2020/08,42373,24028,1211,2169,1409,13159,0,397,14365,12711,551,14705,41,708,12207,9929,4836,1313,221,13159,129,5544,9903,8303,4495,2874,2081,1533,1195,904,675,564,488,403,400,372,316,243,220,165,177,167,132,161,882,47,0,281,5733,9824,8324,6657,4735,3504,1975,841,98,4,397,1050,2210,649,311,2398,368,563,3175,1723,917,3714,2207,247,741,3611,617,405,314,5087,150,1170,895,1077,875,1021,1480,441,1852,518,1419,905,263
2020/09,42874,24367,1112,2021,1277,13911,0,186,14069,12150,689,15923,43,821,12050,9868,4811,1186,227,13911,71,5654,10177,8434,4574,2992,2187,1598,1177,853,659,567,507,362,345,308,299,223,245,196,179,155,146,134,804,28,0,266,5384,9820,8614,6846,4978,3610,2140,912,113,5,186,892,1832,606,335,2352,348,661,2986,1935,1100,4037,2288,274,723,3513,527,415,303,4994,183,1284,996,1080,909,1106,1384,616,1946,394,1397,1071,387
