Nombre_de_la_Serie,Total_nacional,Credito_Tradicional,Infonavit_Total,Cofinavit,Tu_segundo_credito,Mejoravit,Infonavit_tu_propia_obra,Apoyo_Infonavit,Linea_II_vivienda_nueva,Linea_II_vivienda_existente,Linea_III,Linea_IV,Linea_V,Vivienda_Economica,Vivienda_Popular,Vivienda_Tradicional,Vivienda_Media,Vivienda_Residencial,Vivienda_Residencial_Plus,Vivienda_Otros,Hasta_01_UMA,Mas_de_01_y_hasta_02_UMA,Mas_de_02_y_hasta_03_UMA,Mas_de_03_y_hasta_04_UMA,Mas_de_04_y_hasta_05_UMA,Mas_de_05_y_hasta_06_UMA,Mas_de_06_y_hasta_07_UMA,Mas_de_07_y_hasta_08_UMA,Mas_de_08_y_hasta_09_UMA,Mas_de_09_y_hasta_10_UMA,Mas_de_10_y_hasta_11_UMA,Mas_de_11_y_hasta_12_UMA,Mas_de_12_y_hasta_13_UMA,Mas_de_13_y_hasta_14_UMA,Mas_de_14_y_hasta_15_UMA,Mas_de_15_y_hasta_16_UMA,Mas_de_16_y_hasta_17_UMA,Mas_de_17_y_hasta_18_UMA,Mas_de_18_y_hasta_19_UMA,Mas_de_19_y_hasta_20_UMA,Mas_de_20_y_hasta_21_UMA,Mas_de_21_y_hasta_22_UMA,Mas_de_22_y_hasta_23_UMA,Mas_de_23_y_hasta_24_UMA,Mas_de_24_y_hasta_25_UMA,Mas_de_25_UMA,Hasta_20_anios,De_21_a_25_anios,De_26_a_30_anios,De_31_a_35_anios,De_36_a_40_anios,De_41_a_45_anios,De_46_a_50_anios,De_51_a_55_anios,De_56_a_60_anios,De_61_a_65_anios,66_anios_o_mas,Otros_anios,Aguascalientes,Baja_California,Baja_California_Sur,Campeche,Coahuila,Colima,Chiapas,Chihuahua,CDMX,Durango,Mexico,Guanajuato,Guerrero,Hidalgo,Jalisco,Michoacan,Morelos,Nayarit,Nuevo_Leon,Oaxaca,Puebla,Queretaro,Quintana_Roo,San_Luis_Potosi,Sinaloa,Sonora,Tabasco,Tamaulipas,Tlaxcala,Veracruz,Yucatan,Zacatecas
2012/01,6885591933,3686883440,2303668812,269885018,0,162836632,0,462318031,4549070515,2035985554,4114100,251200092,45221671,257888757,2644121762,2339237618,1080875414,332326720,68305030,162836632,25878121,395691624,901318304,828498214,646315543,583355832,410691318,332529493,267850376,245587910,189937472,329514658,149287494,135552334,124546156,122241566,116788941,104961526,86552212,73030242,79433491,86397971,69477941,206892367,373260825,0,25508121,703880792,1503876493,1401119633,1125163779,748408337,497724705,286683757,105781891,17266534,7859863,462318031,126823482,368861092,69321886,43176914,339362601,61075621,56782259,262875936,406191865,61271499,545714483,287254806,41282975,131290294,687193370,104099407,118495497,35430327,928539413,32415543,213811050,218354249,168675734,151952817,168023549,244749443,67969291,419562059,28193148,310088542,139056972,47695806
2012/02,10633032535,6889773099,2683399363,291620895,0,212606122,0,555633056,7258580551,2917493224,3953034,376435921,76569805,217641520,5493687357,2951433434,1248816776,406970748,101876577,212606122,136117765,2106079668,1778617428,1045398977,751943959,651684443,466134481,392538404,332622665,275490963,243997423,174162948,185088416,403241972,151693879,150613561,130131416,131534118,81345874,91526817,78334428,81985128,70827790,235656922,485870241,392849,72297535,1365444044,2401709679,2133057074,1826780899,1145835803,659949248,321572681,126005522,19604100,5142894,555633056,218205650,535880512,63662663,54702344,528787523,69274113,70033956,659498693,821132314,148410860,808652079,482939208,75859664,218913304,893692618,206269656,149251198,61740693,1283536852,40421871,303535917,291718471,379308986,216292864,259848686,442053425,106652578,513764572,59491193,381489470,213600871,74409732
2012/03,12510488596,8350343561,3027202914,338136810,0,238019414,0,556785898,8320414587,3673877907,5025295,432762816,78407992,248704048,6603945665,3256825389,1421729702,459485904,281778475,238019414,214705723,2401486743,2093543341,1395370770,954222033,786360729,552149223,485290707,373921407,355776865,275994596,222741464,186683428,185065359,162038667,172632395,149347028,137091536,110252485,86524178,89471478,86094145,83726560,429458433,520539302,0,87139270,1645937657,2897289840,2648098314,2058365090,1318924101,763876482,382003657,127612720,18498524,5957045,556785898,264582784,565078269,90212790,88674533,629321732,96488404,106605288,701287874,873701725,166109948,1147766412,554693781,108565557,220773936,988113018,215186304,184442001,86064813,1430574187,42025977,434166643,479927797,354325603,250213949,314734184,466393210,163897311,541573977,59557682,475113421,321040737,89274749
2012/04,8381692062,5267200645,2305490894,223094807,0,188021280,0,397884436,5338023918,2504723791,3517383,480741202,54685767,153365661,3918082220,2493340662,1105732301,374518014,148631923,188021280,124751989,1171485662,1255966067,1032194493,696073971,589808746,432872956,372249627,310395238,256795560,212284821,161710890,161482731,134886489,112598450,127761738,101406106,106089355,91617433,64214053,61403707,70532666,63613341,203315490,466180482,0,58193111,1003013303,1965053275,1725252320,1408203776,889640619,556015607,268315385,94822272,13629953,1668005,397884436,147917114,471255296,72102426,52802601,356631233,66456519,73431178,292563089,753580060,104992959,867693059,355354224,68947437,147127619,742156864,169701846,133792567,53411621,993494040,25302448,248204497,273157448,255156687,227066978,182433558,260790805,84664226,254531328,51009166,345398255,178446339,72118575
2012/05,11343569432,7353217778,3115779113,330997697,0,252642833,0,290932011,6987130130,3576249028,18121119,683216710,78852445,185571346,5559512451,3324426974,1483975053,442714028,94726747,252642833,157294141,1512258056,1970927280,1397034033,962057607,813358654,580824939,513389564,424429101,329219679,288575356,213208370,210094854,180620102,173091778,150199191,143433342,117271381,102270257,83960069,83843115,86603345,83830226,194662046,570989024,123922,70991240,1431634532,2611604744,2483416429,1913835505,1251652990,776618975,364045233,124387843,21419637,3030292,290932011,174036039,573039141,120319167,60999022,452899825,76589808,91288167,466430693,1077929368,128678950,1283270472,521518414,84601993,222834745,984972577,229644819,139050364,65438979,1315584096,36147367,348059926,434260870,209993063,246680935,234666465,371937998,131182601,412166727,53378606,461844934,264369021,69754280
2012/06,13153147297,8602238950,3446815568,363151295,0,272677237,0,468264246,8614657845,3657885950,17983904,764406757,98212840,186279615,6541573755,3825001109,1655713208,504033022,167869350,272677237,218518934,1968406941,2285540039,1562254651,1084278593,900244767,671275893,582645091,490122784,410831036,288887668,244403238,229531385,194757575,187788984,153096852,167804064,139936985,108849181,100339603,91071640,106352737,80536834,257760865,626476044,1434912,87501321,1657894090,3052867967,2840903427,2206704863,1425525414,852410198,384422174,149070846,22399819,5182932,468264246,185813893,656839842,101523154,63836779,525970828,97061347,155591443,459983870,1178180317,117451806,1572730741,629403101,94104707,278879683,1186023202,216901866,257425186,127504976,1382300204,31736612,385561533,470920046,449094734,283418621,292825108,417407493,168710183,425271850,71039915,562994822,208780540,97858895
2012/07,11044054687,6797629205,3209967053,385174919,0,273023759,0,378259751,6755479271,3405919069,5747571,809401523,67507253,161394270,4938763713,3443670414,1634444741,463278938,129478851,273023759,141476827,1306176209,1712203009,1370697805,925594196,779603850,602218946,547061192,483857653,357036880,288339209,242879098,206685972,187374821,159073680,152205196,146040188,139208594,107244357,90467353,99935526,106627015,102596204,233845665,555605243,0,72279040,1348461430,2565044371,2358345050,1842180656,1211911944,742218841,368763286,135321204,17483506,3785609,378259751,182340056,628989201,88579005,66851976,494559185,80648682,106717544,381332737,1155339447,102453426,1178953041,444008881,81809233,182610215,958441594,166206046,182842955,63565325,1259613767,31208166,285664797,395637081,345528999,258304752,227435041,422852886,130595520,332777251,52920390,476296182,228089019,50882287
2012/08,11103186147,6834227511,3263065604,387783828,0,327756019,0,290353184,7091446074,3490163053,6489196,445201228,69886596,133299033,5191777396,3403239384,1515003244,438953846,93157224,327756019,131670534,1235271753,1911030048,1529886018,995102485,818753074,600882540,520775106,412418639,326218089,270086969,212580710,201951624,171717608,151688572,189698124,152961302,107889730,108384471,91193119,92450798,103061428,96693525,184739863,486080018,0,69157901,1454232178,2729843579,2417655680,1899689401,1158334749,644101455,324309511,100924488,12785546,1798473,290353184,179970346,526018246,101981070,67039532,438371592,88646130,108135227,504793122,740563168,90219408,1191025043,632534362,105593684,246927037,958508219,169576977,175666993,113165511,1376533914,24635026,338818763,396160220,380733210,245095672,198963088,435069964,129734118,343302678,45411110,451218565,246785593,51988556
2012/09,10098177177,6321235803,2810023941,345758588,0,343531217,0,277627628,6609216606,3058142517,4836317,360698062,65283676,123349834,4975244503,2874851477,1293638007,389970609,97591529,343531217,148598704,1304418833,1832567487,1358960808,885631640,708410766,511440301,425220315,363545951,304480026,236600045,171860365,162675058,149185495,136399893,149402199,114963569,119829536,84930301,79695873,72754561,69273238,56026024,174711676,476594511,0,62731216,1374766852,2455360478,2257381460,1670892797,1018267910,604316187,277680631,87098054,11903286,150677,277627628,173323231,556719793,72669498,56542951,375666984,60971560,113357102,485280633,617728005,86262626,1142498168,515097108,93686086,188866950,833197733,161836022,210918796,94873694,1181518736,50620449,325150260,365390036,341952346,178832956,260473102,365850795,139548702,343959441,35146379,416462899,184051988,69722151
2012/10,10584954914,6312270538,3047440016,389050336,76845476,441442963,0,317905584,6510659056,3523693335,6584086,468380383,75638053,142517435,4834080105,3212775363,1416831096,434226377,103081574,441442963,148343453,1200398581,1769732865,1432928682,961668680,777330251,580970109,490316927,400772987,340257726,269375643,200336130,190362113,150333914,166810082,153840569,142108831,106475786,110254143,94481963,104246037,73226570,73759966,192725316,453897590,0,63754578,1391681011,2552921992,2300439508,1748200779,1110424849,652599731,323268622,110404484,10827423,2526353,317905584,186473946,504688850,84740012,76742613,460066146,74722316,103410629,546717415,709980524,96351189,1017762946,485357697,96060173,219652393,846558963,158463740,192195220,112785399,1296440005,63149799,288439486,420445364,330261038,231694421,316665723,424435613,120141893,354774843,39550785,473138614,183632252,69454907
2012/11,9389452617,5041201726,2753867406,343692890,354837269,423591490,0,472261837,5573406686,3298125282,5968374,445167405,66784870,109232883,3621901645,3128874050,1372316022,415313531,318222996,423591490,69406687,638187091,1328499223,1351143998,875282297,701457531,535448080,461765947,401321749,325196937,258906484,205157592,203633174,161815281,160431094,145620759,141231184,120426468,96816261,85956087,79699870,68874737,66352101,164223274,741761673,837038,48997311,1118687646,2203830105,1986696488,1454226234,974728809,632029731,361942729,121356663,13199700,1495365,472261837,157326607,460678999,93964306,296724529,451167030,55222237,89747799,396887802,707458693,85069871,808891811,372397446,77331255,188392557,704438493,132365985,181311444,77323403,1239378985,41157787,247857845,337226641,290929099,217661972,221776656,317410445,130410368,333714379,35253113,419510767,160600312,59863982
2012/12,11002044229,6141753374,3377489706,346963263,651648065,299174162,0,185015659,6404960939,4181600529,6399906,326345112,82737744,128754131,4423379597,3925658534,1662854152,475352102,86871551,299174162,65866853,620763035,1577902544,1659101475,1084423577,914547118,647787798,552547671,500334434,393834667,339046777,254813891,230108530,193324716,179901653,182695441,172862937,159287960,130027446,123662246,103235350,110985061,90797636,143464708,569649261,1071445,61866390,1366949820,2654817416,2346953901,1765151959,1222871802,784352534,443465237,156669988,12599990,1329533,185015659,184917387,512232452,91461271,53301148,535372236,106300722,159979616,433444778,808510249,113076569,1130179250,461999372,106368479,222868644,745853985,196946358,223475520,108181046,1387085550,64227945,318906323,522587550,366699748,222801435,233813481,383618079,134605484,358366117,41573385,512462947,185582872,75244232
2013/01,8857412095,5800248961,1633872052,265221752,417582340,310793952,0,429693038,6518465958,1954175571,4106889,332428232,48235446,157581248,4849928096,1952562118,1059322985,386866342,140357354,310793952,184327917,1828069872,1722736414,901576363,627040846,481575061,370425489,325098861,257995151,205715282,173154557,146363331,134771459,108725142,110894846,110723636,102845322,82727534,70559253,66738697,58275460,74272789,64232353,132667024,515899438,0,65407740,1222926020,1991174933,1836976471,1423974209,917507288,562627978,287597642,108691767,9800834,1034176,429693038,172860903,431511307,60458287,26989973,407891989,56094407,128110296,266921411,349100057,94535370,704246833,412641101,59594019,244005093,898287543,197876729,172726066,97417659,1216301142,68102733,267824873,342141576,356644598,205990346,201701200,260010237,100135525,348336046,41343014,470346899,150821460,46443404
2013/02,7941347550,4731263296,1682671201,260108494,488903384,448728483,0,329672692,4770107369,2637322499,5421784,470180385,58315513,163889098,3555156290,2150286616,1153520936,329066403,140699724,448728483,67798688,735061083,1329905721,1135704651,744538467,561103340,417486622,332464369,279318371,245295029,190845281,153598303,137415583,132324811,116514014,121909591,110272842,111521070,80691809,69814452,71409533,87312240,65970663,111927785,531143232,0,54753508,1046495572,1854453705,1591399908,1213317468,868298970,537700409,312681936,119672188,12261957,639238,329672692,144997048,370710458,67199033,33462772,423287526,76413958,70715966,392191244,448288891,91101115,643850298,397373315,76383497,137637630,662713041,151121940,113999167,91398716,1055143413,33078938,217604635,283059010,226627169,192981559,202377091,314555718,86225642,350315213,35946135,347330328,149005951,54251130
2013/03,8911451309,5784426768,1664112446,282912530,540989329,420577618,0,218432618,5551645350,2849818398,4830309,448387614,56769638,164688945,4461273967,2340733923,1114528992,325574488,84073376,420577618,115452545,1315993479,1669578870,1107079413,748495616,601834131,430168348,336661260,295801550,246952715,221472518,157996758,161670517,128129652,122326118,102374135,115897199,90247826,78077019,92216196,62759147,65689409,56483369,112694753,475398765,0,59574425,1227765234,2048671226,1871996319,1408514602,944565809,602142323,387645051,129554305,11448315,1141083,218432618,162528909,437427331,80795098,32954913,397249733,80380279,128417428,419256487,460383602,99444340,907575617,452057361,81945088,176667363,695881756,193791295,137639022,85117733,1121162836,34888979,310133247,287939052,230761286,192577192,201096741,368756817,121907655,354649625,30379214,401096028,159375420,67213862
2013/04,11213112635,7293126309,2007918781,336282509,689662575,568439692,0,317682769,7048586103,3498534254,6294762,597614324,62083193,218198260,5679822276,2809191689,1419489430,398212257,119759031,568439692,188851345,1898058318,2113191283,1323794930,867470081,703255663,478206418,431538980,348406848,293584779,244210552,195145326,182024194,156211656,155806595,156237122,136794323,129190678,107362672,92812018,82385933,92349224,89442228,112961582,633819889,0,92503016,1629869787,2585975528,2260020652,1721451840,1210647238,774707079,444845901,158450744,16529690,428390,317682769,223571425,487930207,95659436,38326442,593836556,88781890,133659862,569414042,608296999,121426286,999871112,507876260,90913624,208327985,1106248014,222155048,141197748,109082209,1373662599,45001831,267719911,392583301,377590656,288316375,312794004,423783348,129210419,428924412,44084264,411805231,304692269,66368871
2013/05,10615749160,6701430900,2062279447,380147951,721806163,500498233,0,249586466,6135942062,3877518483,5349813,525005857,71932946,211514694,5098550842,2871859048,1471564640,366755692,95006011,500498233,164268126,1630529897,1879307543,1260643431,847818791,684763210,497447545,412883256,380423392,319862301,275617056,205691164,182026122,167169158,148873831,143332814,138249605,120485410,110794275,101546907,91277448,86072272,70636117,116116372,579913117,0,68445181,1455584590,2417023908,2184147155,1695492153,1166965668,772383982,426432913,162584092,16175811,927240,249586466,207581293,479263389,99083760,59832485,528778979,95670289,109681577,534705420,604827957,114549636,836148824,602142461,74457483,207456863,1002381220,210810898,151602290,105347513,1342504983,38036687,278172666,362672937,304021950,259630477,297832644,386766243,135067594,375233475,37095213,440997807,242495522,90898626
2013/06,9672247731,5784143567,1977151162,394698664,704438313,556088126,0,255727899,5492522280,3547906893,3862076,581443395,46513088,153418508,4258201382,2671029655,1511819679,387123228,134567153,556088126,132681891,1078735474,1601910786,1259401198,840322138,650379407,442660538,394931283,351937218,300534335,234432010,187232933,188055804,170013418,156995237,177875138,149233899,129693681,120268710,98757477,95863020,90290127,84148551,134439528,601453926,0,68322222,1248120955,2151501922,1982940043,1511054062,1081494211,748173455,446278340,159242199,17372386,2020037,255727899,145286155,449616877,89976777,79211052,523548508,85916176,96865677,479343902,634506506,95765581,880787708,536368350,65471758,197029463,793166681,172989190,130790603,119722665,1160822451,38445458,260629502,353121065,319266496,222011715,241400432,325169211,115317007,346002106,38233592,434671780,178955087,61838199
2013/07,11014758576,6552452052,2113810801,485203901,854427966,684286294,0,324577562,6343792547,3869421405,7959440,713830349,79754835,173130258,4854112610,2874217665,1733430414,567143444,128437891,684286294,175502302,1362277941,1869536533,1356909599,896904225,650457622,493020181,440351252,367717718,311244430,245620066,238986117,209129657,209890046,193242810,178750403,172199271,143994638,151730762,130928538,108619790,109764326,110840173,152163915,734976260,0,80971732,1413950373,2351188892,2142305628,1793384463,1281756352,880565715,534157703,194951576,15911436,1037145,324577562,187266156,535595811,99233758,57375997,480288967,66716436,92296976,577413045,747111482,117227511,881993999,620442342,106157658,243282504,932329309,194440531,206884358,92367635,1384773108,41891240,274583908,450418533,364153993,289715831,253765721,407006534,116668964,430457470,35018383,419717358,240521548,67641507
2013/08,10725265114,6533478966,1892758332,495832739,810086678,670540686,0,322567714,6149939173,3801353647,6597710,700815479,66559106,160335972,4653326429,2857883302,1644030098,572901907,166246721,670540686,167239675,1407881384,1812983364,1262671765,841573735,642048251,481908831,439112956,369256583,317908031,255867599,246948581,216291616,187033157,160362176,159339747,187394826,156455024,122977569,127131856,90996073,105748923,93411208,132694641,740027543,0,78135132,1406940775,2310800967,2129086253,1703803642,1209824042,824506849,525654726,194884599,18650608,409809,322567714,206981006,487019156,79679054,65434520,502397043,85935259,65600146,574780284,715678752,116540520,812202575,523846824,80216226,241804242,1023841504,215092116,138807636,100575190,1345905865,52924419,318127382,358382564,323993734,265096174,273352404,403637346,112613990,454748688,49141887,458597080,212527176,59784354
2013/09,9527998520,5677974569,1719977672,469880723,751000380,612476307,0,296688870,5438642043,3375461332,5922963,639065142,68907040,119868728,3983190619,2481552435,1662871488,520410043,147628901,612476307,145908957,1174641294,1507862421,1098804479,761698734,567116930,424921908,401974290,326948786,282944113,221692582,203921094,187603514,178998913,176184921,195954932,163682640,125645743,104372899,104169185,99535006,103098674,87383005,128980634,753952867,0,65920667,1224036063,1998112210,1888587080,1474038058,1085755039,811056694,466902592,200710978,15599087,591184,296688870,174964868,432644421,74519140,77722434,467344113,69728925,58122616,446418975,664118759,126592564,707183442,472799741,57096583,238792896,841172533,160464442,124719508,94004834,1225148829,41695647,284760436,359961037,295988041,241827021,245945446,367491866,104410110,380470215,30224704,391622855,212280460,57761059
2013/10,10829035170,6468539196,1930532577,577834369,884740521,665522470,0,301866037,5978432014,4063584639,6761787,691750142,88506588,126504776,4376904456,2940357381,1969587520,597528337,152630230,665522470,154238551,1251095155,1649581183,1274791970,882428066,655035710,497563633,474463589,406810794,313546474,250809112,243732202,218040910,209619215,199514668,193782527,183607973,173460721,132724549,122015754,107505839,104301285,134215483,118058348,878091459,0,63831373,1365664611,2337023241,2159530938,1704074207,1277167270,871813462,522854008,199445966,25563461,200597,301866037,120856282,477710496,101737075,86431363,602480250,94501884,76537295,530626846,726574273,127178974,846921316,525821017,52690084,207533782,1031244032,218139577,119961012,115233879,1445322137,39696259,314741088,385338244,325189989,261319446,281043136,422615002,110904256,387099001,36007218,440082155,256174960,61322840
2013/11,9867118565,6056714743,1692192355,510470662,827778422,441300305,0,338662079,5687017721,3622420690,6468909,468458810,82752436,89019903,4217491150,2602543460,1784850633,551672161,180240954,441300305,172650019,1327568340,1506668962,1054286342,778195474,595733912,460753325,396625259,326867893,298785313,239862532,213688707,182007749,205099976,165355540,185078157,171142523,149104044,117215643,123600441,93110348,83958111,124882859,114408216,780126191,342689,67327632,1287435756,2131108326,1922913169,1525613596,1118630688,809725557,460466563,191007060,14060186,167953,338662079,163444640,478943731,87516722,58564056,549336556,82672893,74066431,514598464,655170746,98285624,707024791,530544962,53873633,223889660,905145701,186918826,97625690,76901348,1356213107,37139221,265023997,358959724,272308485,225384140,234504499,453116868,86601246,334315535,37093987,399457385,212740633,49735265
2013/12,13874672819,9310748540,2405247591,597662313,1075752946,374975239,0,110286190,8364393301,4990983484,9127175,413993739,96175120,138469728,6874859621,3337030111,2361648704,668837736,118851679,374975239,319877411,2394746577,2364313231,1441522626,993923900,746867663,549835430,494178219,438679292,396152955,304816360,272641356,254264562,227219415,234488223,245015276,203252651,183112052,189299797,173590332,145613787,130579232,119470013,114908413,935726500,577547,102079760,1966466496,3076602678,2811091232,2214745317,1588972038,1100749363,622805111,256957122,23361894,555619,110286190,189773975,523211890,101992397,103378689,724976573,160272763,152629108,579707822,900250347,143076230,923302746,646629288,64377226,441591544,1218002860,311070459,180710684,86651150,1908300323,53009675,403911082,480222016,475953490,308292029,377497097,603686197,203654083,533209780,53236255,623935489,324326971,73832583
2014/01,7241229078,4107689726,1233023458,428890431,615624876,315638099,0,540362489,4570798038,2268542045,13448690,332726694,55713611,78888498,2792790271,1875692027,1458335855,507960748,211923579,315638099,90070356,707313773,977935842,858570395,587879230,441996478,339811304,315883411,237537804,212853181,192064679,171239699,147931863,151489003,146297635,129410663,141187089,107405227,88239622,94850303,79345382,91191863,100747457,91409343,734538528,4028950,38837956,874938185,1502735202,1353873599,1047706568,792394009,563024806,356693679,159317526,10632529,712531,540362489,106689143,352347821,74593581,30253844,362266266,64541215,70373562,303905458,364653911,86956528,541807531,406215929,47705305,113976704,647202917,130328672,107144678,47995118,1145661069,24786933,227185686,334770084,196166897,158169757,170172709,223538623,79875793,237799340,40243041,323348758,168564256,51987951
2014/02,8196111136,5186879887,1367725565,404767482,663292192,377440241,0,196005769,4959511110,2758778780,15729978,395077268,67013999,120558117,3680391140,2092950104,1454076811,394558869,76135853,377440241,121134648,1166181308,1285852217,923739012,637987397,494758744,350554852,351571267,275749147,228898180,208505370,162275636,157093227,149143427,143596496,143052011,134832743,112455361,109507845,82836985,75517013,71780673,65656596,75945252,667485728,0,74906522,1173988972,1808679194,1624976930,1234893046,884814645,642212506,378757136,158439368,18247536,189512,196005769,118407905,350377554,80176348,43282295,457833979,70784832,84115379,421733810,408522518,95493302,561606523,509358309,65980130,171673177,763728896,175672884,94567026,59034010,1201222418,36452376,232706307,312964702,167688740,166010092,199640353,342977953,86859931,358773548,31320611,317982134,161208299,47954793
2014/03,9758232940,6204458537,1576065075,491663833,726714254,380431753,0,378899488,5768464100,3518323773,6735370,402895396,61814302,116745948,4472206786,2372705591,1758005594,507369570,150767697,380431753,137556046,1321932204,1610975171,1107910137,761495222,580603215,416222915,376789569,333804754,263538355,239604012,207597847,197820383,181472779,171103221,150611354,155811551,153216820,117428059,102922991,124046591,86886461,110374351,86133890,762375045,0,82231653,1364218109,2144039828,1944155625,1446023644,1057805176,705862133,433441032,184555717,15433957,1566578,378899488,173044284,410339530,70844607,54742818,516244511,78548950,74377857,444829682,619830973,107315625,747402833,458716084,73950356,183323716,923474151,195348690,132803981,94231192,1293175620,38153601,306251735,386239189,333020211,219596427,242716588,391047076,124709085,406005050,46802183,354701527,185727278,70717529
2014/04,8921980536,5713093776,1460196754,458943307,753374924,305773322,0,230598453,5249649107,3259477974,16745660,328200347,67907448,104277222,4053351616,2306902284,1629493217,420287292,101895582,305773322,132271288,1276354715,1482568462,924647213,678731623,515621065,379189601,371077356,321279275,259903141,219928230,186174707,195960401,166244521,143307605,152730763,142952545,133479695,111558649,91732236,102386075,80376865,89212171,72975948,690957707,358679,77293333,1273737491,1936299311,1717696196,1373253022,1038929212,666167318,424232819,162136739,19854448,1782195,230598453,126545015,417162497,79955764,45351645,480376987,70869145,64346633,447952071,490284116,98407326,608406089,379273474,60230009,204092740,832113267,152788518,143181665,63937444,1332827811,30738025,224525110,356805467,266091046,228559464,205345026,382408373,110569217,378611574,38678539,388021417,161447886,52077177
2014/05,9820345565,6333081466,1379520674,517156163,925771927,370735613,0,294079723,5718681165,3629639404,16644959,389064974,66315063,94049777,4480207505,2481228975,1740162505,502582381,151378809,370735613,153635813,1386513528,1660548540,1054822877,735696158,574068724,416564925,402001781,329780355,297050245,227639603,204649635,163659614,171983222,169842524,151737391,169059277,127446655,130244531,107827084,97879669,103435601,101198749,87120547,795938517,0,78911496,1347955686,2119947181,1884319672,1467156255,1111114183,788221180,500778759,206373856,20072167,1415406,294079723,170894479,474865714,85526323,47021904,514361903,78785504,66508866,530750472,576788323,127089896,728637937,469479045,68386148,182252210,928162504,187542534,133053793,84548563,1334067614,42896787,284283335,339517173,314614804,254707204,226272106,416336160,90110933,384268228,47026259,392012380,172829878,66746586
2014/06,11959947632,8082297289,1735412395,560371948,1075022765,361039849,0,145803386,7028797165,4446118238,14754796,394831820,75445613,112077318,5776915728,3050611347,2069078068,470800250,119425072,361039849,249995748,1817940413,2135569649,1278536840,902243410,659363804,499170294,483311442,384867150,345768774,274503001,251742103,210234713,214303916,202107587,208108937,194271751,159430319,156575528,117562823,121996848,95237273,99793078,103333372,792123942,1854918,109902132,1737492194,2674087475,2375323223,1851879526,1335455419,897468545,573331608,228636942,29351757,1215424,145803386,176080996,539971665,95140266,81763021,625664318,120909423,110943941,633327624,570655227,192271176,824929045,564120976,78322894,328901355,947431263,217074464,155215214,140618349,1572782448,48688994,292917771,422709907,483115925,326209550,299658212,448906056,216623990,478610573,44651355,583981658,266533758,71216216
2014/07,11089228243,7081311675,1825802927,616851723,1025629246,180423357,0,359209314,6614442422,4178873755,6408811,211395347,78107908,83913950,5048893416,2766254975,2152492437,683014855,174235253,180423357,207179410,1493647373,1831684950,1177441143,759068657,591641650,475166307,450613915,360381876,314314174,249061806,230189801,229931354,228800980,199424378,220806014,192641708,179251994,152010866,132770226,115922965,119153686,120029973,130610955,926633779,848302,91342579,1539312755,2373170970,2110984354,1683823655,1319520003,859956607,523320260,207462578,19324712,1800454,359209314,188809263,458000009,84173259,70695550,517687797,103355806,64366380,526533973,714413629,117477557,826778426,484222711,70758794,215541747,1049525742,210636376,148766832,69835025,1656347755,22418858,329996738,420793451,361964798,255284148,261454692,478132859,86742105,449839973,30363998,474203192,268795105,71311697
2014/08,10720717250,7321780275,1468737548,499217297,1048466733,223465018,0,159050379,6515356582,3887359088,11819311,247084974,59097297,85613820,5132701849,2794909618,1844302958,505076624,134647364,223465018,170073505,1538611523,1969166426,1233288786,749539085,575956376,415889988,423622133,348224239,331605740,270900289,227363546,201605629,184449352,180243666,189294104,149953043,160347752,140187451,121022461,89539111,108869051,102991646,83367675,754227399,377274,85913189,1571595474,2301905999,2040814011,1627021470,1263121865,882029983,537929153,221778168,27142158,2415402,159050379,179347333,430337572,86334398,55691503,509770989,91891718,114846253,503710988,524576975,131365184,738933938,524455156,83753447,293714689,979714996,182019723,125919791,96788785,1559914727,30060395,311552323,395970094,305563508,260968395,296636812,450533076,146981328,496701451,39321115,454923470,247421941,70995176
2014/09,11295523312,7928822902,1199127242,528844016,1115666176,354379176,0,168683801,7137600156,3691019898,7728629,380283843,78890786,81415037,5397993992,2832127854,1994643531,523823829,111139894,354379176,198532598,1602281161,2055748953,1398150227,770466631,595767329,429524746,421732096,373034934,318674201,276794089,224609426,241318750,209602232,185960893,193529232,171910372,167516031,150795696,121552072,102835736,100679349,105385912,88123614,789383907,1613125,95244951,1665334294,2407886428,2133793847,1730458318,1362936464,921410927,570194196,219012539,20114836,452711,168683801,181810811,500685891,64579782,52396737,569092998,98867924,105364693,469485612,571201229,112814469,862794495,608160110,103142423,319253539,973308155,174102054,139000897,87359706,1459756842,36623553,295314028,497890467,508899300,244413057,294919009,448595707,156951239,526487638,57166937,476836087,224036778,74211144
2014/10,13110034465,9260495724,1179599030,553279529,1262331717,426783652,0,427544813,8150129441,4398331202,19935986,453760116,87877720,96868324,6112009202,3243623133,2309074045,693376308,228299801,426783652,229334013,1775298922,2452640079,1622381981,892653912,611218694,494230860,492592748,434043341,358652977,293004414,260289282,252471239,221272711,224226317,228344747,187166406,186286735,169767409,137139029,130539560,124185038,105913592,125103652,1099621591,1655215,107921095,1862854409,2666864176,2456839446,1971783142,1535968288,1098039820,672969563,284888454,23771247,590010,427544813,207919723,555367783,90906940,81329011,696486967,125257837,146255666,596557957,747613256,145558264,1058033659,685713426,99230326,323932297,1176560162,202979098,149785866,96147649,1727054935,42433174,369490322,492615017,492813635,302979203,304436067,535048666,139392454,578710513,55942925,526829529,265253341,91398796
2014/11,12409072833,8914492575,930811090,534747943,1145546228,505132846,0,378342152,7746353519,4044690162,8911751,534511086,74606315,99058884,5986709114,2933387310,2040053456,646076371,198654853,505132846,202769194,1854808700,2398320054,1544791958,875290588,608925981,472940687,443155418,360470938,320631217,267886166,250890419,219985975,199870780,169660919,184831119,163713517,173731246,134793865,120548801,111940550,119984463,107899774,126086755,975143750,0,94944605,1780547818,2579142063,2203365364,1918199033,1490680785,1045015396,636829027,253576127,27671196,759267,378342152,207799503,535718475,92486600,74761284,571207539,153304438,111685699,584995200,713184988,143989269,869788902,597604391,67114525,319304589,1205113340,296920960,114565467,93839039,1616938502,32856689,348470876,495442289,509788694,275045225,281022510,479980399,119539675,595703171,43578061,517080768,267769766,72472001
2014/12,15735602626,11382249911,1413133828,663765308,1635257250,488844594,0,152351735,9305562819,5802307212,23183676,521518687,83030232,142593842,7245053638,4009773642,2880521459,804690093,164125359,488844594,96595656,2144284293,2868689163,2033505145,1131340877,796879384,634129704,611056895,506163960,436769926,410453709,344237175,294693338,265880467,280342598,276583272,238201370,239080270,196918621,180171943,161410037,155138167,133523962,149714680,1149838017,0,122164234,2181643795,3282971128,2978700992,2465872891,1962924888,1363732001,840998326,348428258,33847714,1966663,152351735,281571765,625740515,128671935,84047596,904371497,203362609,157106989,762829377,929467166,181210172,1235940021,892720255,102518934,508911904,1299548358,296183637,200896259,164506883,1687918869,44064386,473370524,718582124,460113922,338666866,407299259,642390229,187658687,646699937,47757636,696955988,339109785,85408544
2015/01,7211139189,4575149665,693605820,481582630,850027682,444374602,0,166398789,4314539110,2367096975,17510907,466803601,45188597,89276030,2665224866,1885046524,1586385650,437980763,102850754,444374602,29436796,717997897,1074235280,919743307,534340521,379062710,314761855,320731733,250762706,239218447,190558057,185812940,161128894,161651133,141960715,149059531,156452952,125394038,114462646,98619862,88962174,93342369,72158002,166026350,525258275,0,44947396,855656676,1495211046,1355263838,1123550795,915406443,629108518,437461827,170458911,16618798,1056152,166398789,147381576,367967176,62704455,41583160,340018589,40250478,69076873,341498267,280990916,87183197,454322581,290645524,44516243,110279990,685970769,144566119,78622173,65358859,1066340374,29034703,271561893,306403829,210670861,159884402,156738811,259973593,116860783,357674598,33624083,381284049,168859908,39290358
2015/02,10948499608,8033548000,705339567,468406777,908937841,613139673,0,219127749,7197989727,3082484936,9393098,622901746,35730100,124049564,5803318298,2240756830,1606997065,470806064,89432114,613139673,68413579,1978641070,2407105574,1446966462,751705777,489618208,365045861,363763209,299733903,246153315,235842728,182037510,163200211,163283346,153470308,154987364,139425150,133681638,114561112,102008778,83934537,81489204,78121694,194981223,550327845,0,127137890,1762998795,2358905949,1967674294,1643368949,1294304096,834497695,502209723,208977056,27709460,1587953,219127749,209420497,519210587,101104599,42893418,528000481,124671709,85496943,481674609,379962490,127898221,723578072,546747068,60729270,285602511,1124722638,199431913,94721179,76557854,1738753730,35378156,306009183,394482476,322563996,218207236,244410072,445395520,138219160,526976437,44513493,503405806,262699364,55060923
2015/03,12425964743,8975862001,786238919,564997425,1207420311,651615946,0,239830141,7428783446,4302269897,37662192,652804580,4444628,168828694,6248663126,2697200058,1942438796,595407037,121811084,651615946,86731492,2200110400,2567105588,1589762368,793610888,545330905,457619637,426115693,372745691,317651380,266048840,250755549,225131284,184431778,209564114,172081020,154060446,143839892,133168089,110487133,88653188,83112824,73252354,252985991,721608198,0,103996548,1856575341,2597841399,2336392381,1854533095,1517111543,1014608511,632538011,235663992,35149110,1724670,239830141,186239008,578095376,113974682,58669668,602400574,148866113,121761509,623395208,636936780,165168971,838968013,566061524,85587400,344975398,1251361994,239741900,110886102,114392898,1628600564,34312689,364932278,436560953,324870842,307177712,337310496,500146031,142830248,621171389,64161242,526919519,274746158,74741507
2015/04,12342180505,8968374802,662030589,563501813,1076657962,648207687,0,423407653,7879775403,3782487847,25638360,654278896,0,109850205,6244652997,2647971574,1894060634,594325744,203111664,648207687,82315667,2137402315,2650810257,1618808925,818121822,498539256,464962259,433716511,357543644,304676495,252257747,232985088,216620156,196775040,156072903,172400337,162933464,133266649,122144861,107874516,91101305,98652475,90228321,333569885,608400608,0,117994912,1860803454,2610055631,2257859678,1858740681,1446315672,922642580,569605421,248998940,23983687,1772197,423407653,250704288,546749233,94065160,43750511,583334165,138119457,104796490,659578237,629769575,152877053,815505929,658855296,82992308,298899975,1287966696,206488590,125247328,82859242,1688447566,36209264,307721431,425980809,503357978,215096365,355222575,458791627,157352155,545144157,47431423,519123243,253014989,66727391
2015/05,11821349325,8325667433,746890155,651898342,1264220208,631321727,0,201351460,6941353519,4203254393,22622093,654119320,0,95404684,5639068238,2686893705,2002593305,602473681,163593984,631321727,55033246,1762979029,2330110172,1562412996,826236117,569310531,493126674,448534445,358763369,307617174,286473356,236609671,199637357,207226351,172915346,183528331,164082194,136018210,121465045,111640722,102683767,101353385,98083702,246150962,739357174,0,112717807,1740216624,2461166169,2154466715,1833621828,1450562128,985790418,616436963,237702447,25727650,1589116,201351460,197040658,493704362,95109767,71559436,616573719,101050684,107511942,628126932,667850963,152819990,714925508,533608853,71040531,277177683,1132202178,230259997,120056053,88293639,1536386260,52719076,320821733,415735605,589860664,218076369,301023129,463834043,140575787,577980036,58781302,520106446,265579931,60956049
2015/06,13084446291,8630525318,911848924,810775477,1459210519,721798689,0,550287363,7424601092,4810476122,69648515,765087945,14632616,149556707,5341961600,3207212711,2534585421,827724087,301607075,721798689,67235823,1537497412,2331522966,1671324303,944623353,665764029,547504617,539486150,429131925,376774783,338170618,297078996,252549664,228062664,227830115,266284051,211544631,168188083,160509758,131834607,121275134,138091206,103001389,507590338,821569673,0,100966905,1695233944,2600315848,2443903191,1960430151,1556533166,1143557256,707356957,282426759,40584195,2850556,550287363,220268089,563646875,113747431,75277229,724910125,112463329,105883402,679295135,900566387,128639130,927579262,660746705,106961540,322603546,1252770221,190702595,171342247,90875592,1823250390,57218969,347451440,487986004,402227259,302711477,325441758,458131615,135960239,475030106,46156265,525338150,280343688,68920092
2015/07,11130934276,7126712766,747762289,797868345,1315913710,797751312,0,344925853,5826514961,4356149924,28809176,848712024,70748191,102449194,4202069260,2887707065,2238680731,716333551,185943164,797751312,40290795,940310173,1824599634,1499135558,846904614,719311933,548960300,507835856,415166751,353418344,317198182,264108233,249549304,224060881,205420783,210660834,180514729,167923017,129756689,112890524,130741607,113791896,102231955,320366490,705785194,0,76276086,1390653405,2237033247,2067252885,1658613529,1430134061,1018876248,625878663,252876286,25347366,3066647,344925853,163637123,494216314,94461393,53780485,534910992,77923517,99107360,630900869,714803723,120714470,801964385,508631679,75000507,244699008,1027771655,209520331,116728311,72952941,1568374187,41617002,267364448,444932203,306444225,241702010,269380845,404160534,174489630,555660035,40846414,499913103,223608790,50715785
2015/08,11447861273,7334602828,725738301,718120401,1355472444,848166283,0,465761017,6385236507,4075829076,23837298,891528247,71430145,89010988,4504885748,2775216778,2262891278,732845226,234844971,848166283,42642863,1107833177,1985955538,1545096695,836298233,676379667,536534074,497113222,395033289,326738033,298201784,266996366,227011423,206965881,209245382,220456172,186732947,163136002,141369623,133228673,116609414,119304776,106103822,390532865,712023594,317760,89535071,1488728931,2291235347,2066251036,1717625272,1407592257,1005699779,619265082,269681885,24279207,2206391,465761017,176847104,500219681,112847749,70558877,555165931,95727813,107218339,664701948,763762725,138043361,811583098,472706926,86139183,210605793,1040724255,227416027,141760058,84349228,1657056594,38911615,306276425,422806473,330227030,293570294,238641082,404807025,155578589,526194758,31805458,462431479,255214614,63961739
2015/09,13053955153,8881190875,720049682,744597564,1443517562,842744966,0,421854503,7736766781,4325940554,55573919,864733736,70940163,126201828,5769224347,3081377592,2265011725,760189569,209205125,842744966,52239746,1661774597,2520269116,1840894407,938452770,682482861,558956508,500800849,405293570,342314421,322459307,264409197,249035291,206483308,195531768,202588907,197490587,190798867,156713677,124459860,106175651,117542417,92876792,356471977,767438701,0,93353198,1784478269,2656701144,2366313373,2019431993,1587493415,1140867646,682084678,274696516,23636301,3044117,421854503,194689078,589178104,96968029,69868571,728868065,113421305,131134338,692028684,735512968,179100531,916026090,588569994,87358017,323896130,1092268091,289198356,166410642,85051799,1780831987,41407369,365602797,525081361,493866907,312918978,269464329,452769417,142148147,615744321,46149782,555054746,300118418,73247804
2015/10,14784380754,10283498802,808073695,808470022,1475873111,833921571,0,574543554,8939045792,4840663405,54709625,880160150,69801782,141643283,6642338571,3447959158,2635239657,828720621,254557893,833921571,73293544,1977303592,3007523007,2004879051,991410358,714377417,588486598,570163534,477091508,393894863,337057917,304542480,263811648,265122503,221456125,243106008,216506637,210593554,184777991,147699233,123809782,127538078,110821488,434683402,793535111,895324,104065036,2075478473,3028695580,2636950609,2214442838,1815177467,1247004305,734148905,310391076,37505130,5977782,574543554,230126468,710783384,116524494,71358912,758784963,162386277,128276178,823265866,790237921,196465990,1104389370,798229415,92701424,477600885,1159015942,259940575,157321607,87159135,1853578009,48390434,368856976,507900824,543050132,405482619,393801931,587183539,182246732,686724114,42859800,622500926,327554579,89681334
2015/11,12001239711,8003158318,685591462,748116920,1390338739,768280926,0,405753347,6916511139,4159033036,41463932,814620441,69611162,121062499,4887449433,2971160515,2269182885,741524189,242579265,768280926,46785638,1268238498,2234164627,1633704224,788724928,636514521,541164629,475348547,448448564,383523006,309920682,283216542,231996714,225094515,203353296,200161844,185377203,160206002,138350018,134063668,137172333,120222366,109821657,350290799,753803647,1571243,82007056,1572422360,2403545398,2158728007,1784429997,1551167146,1077330413,671455496,259436300,32211715,2752477,405753347,192922096,551992846,108531926,76178246,619048078,109780701,97500237,522339385,721769064,128343182,840709689,635770007,64128138,376124971,941614271,231161371,140034526,80895433,1694153501,37569125,350410595,454437951,404334072,313441912,303492959,446556680,167311538,571250638,36456123,445030329,244080576,93869543
2015/12,15391780601,10283508293,981465545,973762245,1937719031,603780607,13137534,598407347,8823142493,5753493040,86424827,661790316,66929926,184734347,6203776175,3869069465,3071810490,1048024331,410585187,603780607,58720410,1814941897,2666837189,1875880561,922507149,778887994,703841830,680379388,525975608,472237987,388779887,318643004,333724906,290624945,400176045,287552380,273742608,242551904,211994185,199492115,153912865,158964411,148917354,418880417,1063613563,0,96336621,1832483093,2927803083,2745694680,2418122997,1986030693,1453991508,901814231,372108907,55535741,3451701,598407347,385410097,638156602,119586907,77542593,802352788,231785106,137333499,694703022,1062704415,153628089,1383696919,809459399,102804367,542803568,1276333123,221691136,213942274,78847252,1710125023,61084417,363798655,582691465,382912770,365775130,442490853,536716322,254922546,705112980,67111994,536455500,351589451,98212342
2016/01,6969377091,4146240693,411631127,594390607,891306144,537764025,4629283,383415212,4271268481,2087495092,10275737,560819336,39518445,49517536,2460755733,1704353112,1506225128,555897590,154863966,537764025,8938430,568957126,1147202994,863862493,487676974,386490149,329225471,313745887,252197534,244283114,196488754,157922542,160085797,139040523,130867141,131025073,113628844,110504856,106514911,104537034,93633443,75613586,105109797,252683033,489141585,0,45086907,844854993,1353340257,1292869476,1005560564,819085577,639432040,392026973,169338331,24306836,59924,383415212,106637865,354782735,55555687,38005098,329733213,37387320,67875329,379181579,297452826,75981071,539463659,310919477,53616272,125792807,669757926,107371386,73305324,49516397,853396530,28074367,178195995,272614756,346312395,200619734,178201270,243585076,116003108,347062189,23488090,321601239,151922316,35964058
2016/02,11558535141,8353008322,475804529,584279278,1022433407,680824017,839302,441346287,7522990254,3253644998,13414131,719601142,48884617,109382244,5841233208,2488332384,1694875240,567562657,176325391,680824017,18641078,1690996448,2600909974,1629989105,805389497,549664799,435510133,402208661,349910925,257012578,243093042,213423254,178443781,163456411,137660445,155312106,141772334,119893595,110160548,127184041,103674357,76969883,106480911,315947682,623329551,1500000,110511637,1847544648,2514969070,2151489750,1594072853,1297283925,857131860,502540122,220122171,19446881,2075937,441346287,212560352,553592474,82401076,50355652,671791930,99472953,87588306,530249237,448902299,126084920,739986827,575665413,74420868,318636582,1187445917,211779393,131452887,102145741,1642255950,31724786,275940786,434054725,479190560,264600885,328750871,440730849,125002605,532653470,39808566,446008900,230152817,83126541
2016/03,10816823861,7909302994,545933479,670310149,1118431973,136149466,0,436695800,6892167288,3629523218,78991941,174737859,41403555,166329901,5178058945,2681350141,1865382971,577897313,211655124,136149466,15239732,1385784862,2151970126,1447586584,755564815,580177876,437089787,402164220,351190294,292893096,256158077,225356956,223379706,215448617,156896201,168485989,154044427,132512807,141118959,110472277,101814427,106359556,110808659,276500037,617805773,0,105566109,1606859328,2347058476,2034214981,1498775701,1172691089,875304434,515095644,198204549,25558095,799654,436695800,229133880,469528653,102361927,41810593,562270213,126358499,84281336,545184047,539646185,101999696,728241758,542024264,80567719,319555121,1044004417,199117897,108346021,79011121,1494799030,39787302,238765771,421134368,406097294,245247337,262388754,406287572,115373442,536282019,40325401,405478126,253431432,47982667
2016/04,11652101754,8390111731,690163650,786153739,1371394258,0,0,414278376,7288921363,4198609326,75065439,37855265,51650361,164968180,5340791383,2987974008,2257717285,700252788,200398110,0,10189814,1304245076,2213912237,1556020446,805404823,579496587,482281741,455486740,377481534,345933285,298183423,253411834,252725162,213519992,198998909,201840400,180622162,182501564,160950045,130932060,142266865,132346263,137442703,298382621,737228023,297445,92747683,1681567093,2427609216,2248581521,1641013197,1327880678,978411287,584071331,231241884,23856922,842565,414278376,202260547,552118345,105131049,50475242,588521553,117938135,98456195,574035618,686504283,138204060,792168411,600571923,67084579,332850774,1080064979,245468484,120351708,88752149,1521914252,40303430,339275745,409610997,441562397,245745506,340247305,427411254,138439447,510149455,41045413,459550734,236720114,59167672
2016/05,11638666025,8441434129,713227726,777344142,1410049439,0,121000,296489589,7039170171,4400028875,106557685,42071689,50837605,200722341,5385686469,2907119965,2305264317,660944438,178928495,0,6816205,1230594535,2242364992,1624219454,791656565,626621303,508993960,436166620,378358659,320049406,285283350,257800914,251373554,228005391,184733904,221250390,198166278,176593305,140973470,135079053,139502017,101875220,137690161,249174908,765322412,0,100665607,1664959537,2498890125,2226968601,1609356810,1369577588,959577877,651601707,234731005,24114904,1732674,296489589,199728610,527007032,106259132,52943095,557977684,132423566,114098564,577833551,677941594,154348229,813613048,539427216,76440592,326379206,995872784,233847294,148365099,98599056,1478120894,53463992,328522608,402361194,462951687,297398962,279419798,458109694,149424029,654731212,33674701,394614135,255004577,57763188
2016/06,14746309124,10397015453,847175119,886996884,1603965658,0,821818,1010334190,9341334662,5228120870,80909192,47819232,48125168,201109345,6812709884,3495209175,2792431527,990252674,454596518,0,14181013,1886826385,2806642925,1900825196,968772384,669787125,572640562,512127258,478194201,388880238,373992867,307449798,296743787,266192141,241242011,261343412,221680497,197967520,182139955,161271693,173296727,155399537,200341487,616187770,892182637,0,112929829,2090857538,3019708570,2640969487,2020585448,1708578016,1114675121,699685459,289854302,37490296,640868,1010334190,282196353,535337326,130230920,73543923,834717719,170993104,113024649,799182741,930907146,172445001,984477912,768207212,95184994,331275410,1524626083,218822781,154084718,142650559,1935559457,47421271,365040642,507907057,563165711,323754916,410586251,593172964,177173782,662332368,33904297,478436418,305869240,80076198
2016/07,10772611375,7576377743,614709170,749881533,1296636281,0,121000,534885648,6389059208,4218084406,47410537,61362265,56694958,140195228,4614376903,2827522018,2169229555,777744515,243543156,0,7854663,1156820466,1902413304,1366785848,788937258,543153487,473301822,436247334,384837377,327719848,271246001,247982763,205595223,190654662,179292442,211035505,173745160,173209266,154847942,125985341,135485823,93829021,117987294,348029116,755614411,0,74816695,1396286448,2166999322,2057596574,1522592392,1282843942,900717649,579552888,227505445,28252514,561857,534885648,191990117,506708051,93379228,43987997,551923215,94101674,98783211,554714777,683278550,131400296,819327781,518358003,77952887,302693509,988495414,182856386,130247472,62172381,1407843390,38486057,274694715,365553742,468928192,240288511,294635278,337788550,118540351,436862173,45504772,418169827,228100688,64844180
2016/08,12077297345,8265790311,750306670,789187922,1567238128,87057449,396249,617320616,7084700133,4717468863,71191535,154171743,49765070,183677299,4975245857,3196352804,2484601203,852869562,297493171,87057449,12913456,1184715613,2062704834,1591963139,830306615,680817259,543074555,510869031,419357144,376358594,319561556,264141695,282645170,247979877,207019092,235158467,178662496,173882881,161594168,168328355,146058633,120122046,142553270,408613770,806816350,1079280,80884041,1551232085,2440110876,2219972751,1758841852,1447031543,1031533270,645807802,249278718,33169060,2114732,617320616,220253733,609162922,107278066,39049603,571822640,104316178,102193676,683915981,804548161,132429106,827981425,555218262,77488161,342117521,1003471772,220868101,125960829,95075282,1616908784,51780576,345839689,482855014,355232221,287330425,301439589,435932773,126930663,556738410,55819041,503022472,251992555,82323713
2016/09,11396060424,7778782126,678143505,782237712,1528332916,205455616,122550,422986000,6577932997,4400147110,102096297,266128434,49755587,199909348,4635187311,3020921417,2359732971,747865376,226988386,205455616,7240633,1089133219,1937798138,1487493252,808964738,629757927,542030033,508312587,435922181,356485807,295021174,248345929,203657177,236275854,197120714,208637212,198437183,207362838,168026510,133233684,132020530,114112008,133743732,307002787,809924577,0,70735176,1413981042,2289454432,2153289839,1646819960,1408060265,1020951188,635193027,304421383,28737775,1430337,422986000,215857330,602362209,108896635,44981938,551389853,93558189,104569113,526352243,661794043,123771852,853957172,598892101,77986244,334072785,850439718,194752216,135875142,93744561,1453751454,52534472,318338419,498234708,450864210,279786967,259887220,387965651,101026745,564043588,50397917,461393483,269204435,75377810
2016/10,12259635199,8377582585,779920129,787067532,1567564285,207842040,257886,539400743,7169300373,4689965808,81737194,273448247,45183577,194594123,4900439907,3328596822,2491603492,889713141,246845675,207842040,9743112,1110853707,2041376729,1638736679,879557739,683570260,586602105,515229969,456575677,383588805,335525428,271218547,276557157,234534134,228376622,225512584,236008837,219627349,169328007,140877068,143175650,133082118,131686054,341533797,866757067,0,68971534,1471986532,2455607363,2277512899,1838007884,1512006096,1103588627,676462548,276317786,37875217,1897971,539400743,240983353,608842289,107365448,58272717,590559892,96641401,123021890,621660691,767463515,147226759,953809732,560730754,80272491,342024797,978481095,229165237,159335230,88724837,1511011763,49690705,323604087,530285355,469536123,276085568,276216361,427511999,136427753,510560235,37944121,545876961,332384967,77917071
2016/11,11648646619,8172409654,704144873,769280971,1524815279,203140829,0,274855013,6590869466,4652958954,79767381,272647054,52403764,200920942,4804542876,3187201960,2317411393,751295625,184132993,203140829,8977236,1019550074,2021347905,1585209817,861927020,645665147,571810714,528274630,432406542,374740293,320922994,289233298,249930961,236340089,172290916,193501517,179321970,179522371,169599608,159479336,119772978,137796997,124222746,219617962,847183497,0,78853007,1489479074,2353716202,2234288354,1694636765,1483976395,1081148246,645727359,280340657,30429304,1196244,274855013,225643659,539392204,96115031,55424842,572188486,122651415,109719627,691078174,641375065,147368309,844980625,511076085,76058076,400565230,905125288,208316012,163468081,78037571,1573661341,38029306,270422594,418856937,441309637,274029204,313996452,452275283,134257990,471560467,44510711,476798710,282359854,67994354
2016/12,13755035777,9411855049,1013966636,985157154,2138027822,190827503,0,15201613,7222067433,6099757596,113641851,272323125,47245773,242605836,5087253738,4067919140,3178333116,860801517,127294927,190827503,8390326,1023882087,2099291695,1766818687,1011052101,801781746,725090198,666943712,556410719,458540900,388407622,364191748,331462929,292573804,259785647,287821205,270416522,258169708,200851460,185954427,170098001,148295241,134903792,180965170,1161017698,1918633,69555558,1583189579,2822303602,2701125688,2117313832,1771082603,1374158261,897731751,363197602,38806022,1369667,15201613,222651194,649685182,113123714,56087531,749074002,123734184,117574481,681481767,938382177,175661496,1099936000,833237737,106858945,302617121,1121668419,200297690,224887909,118555972,1569666768,46117817,398534428,611949105,479338876,335515632,284462311,509889615,111589833,582436390,46470003,562389134,262512055,118648288
2017/01,7025693907,4209503271,457420796,625288698,1026947054,130098061,0,576436026,4285955653,2511568796,8939598,191271724,27958136,71685198,2110349459,1975515648,1824693837,706515683,206836022,130098061,11080214,309983338,878175950,809334380,484601152,442144704,366247283,332145940,288720311,253833300,242523710,200143094,195537584,172507600,137118158,145758038,147313988,163551512,131705114,124015783,130689502,331731767,75578821,87503065,563749601,0,36115496,746408639,1316605049,1250750629,992219038,847205339,596979252,433804298,207337172,21543877,289093,576436026,155022584,343542568,52549812,26870227,328349462,27821423,61241958,413624558,467771683,93768081,524775998,311183904,29980917,116247841,693247841,74549760,66720131,39689491,1039020699,8444098,170703367,316777075,279722614,189343474,171369596,190292602,58839449,254553085,22411350,285215943,182221431,29820886
2017/02,11386055012,8484130943,522961610,637169974,1088675339,193868214,0,459248932,7696662041,3376858166,12050884,261413192,39070729,125405182,5835399213,2634807315,1812993555,579216010,204365523,193868214,17963470,1527880176,2549598375,1648845205,770513072,542623553,464150857,383356225,334396718,293501669,231154118,204664709,200502203,182874171,191005421,149845113,159848500,148219009,139246797,122205852,128191963,270686031,69064813,88983308,566733683,0,79049263,1717263808,2440674028,2133198144,1609406775,1257091430,904447395,540419484,213763722,30855475,636556,459248932,255503368,440454104,62316948,44360827,665520423,145672943,79354943,578784280,426437972,196371468,602324498,691773860,67253216,248913342,1355519303,228561691,91429800,98019647,1559368490,31060606,331370390,435237273,362943231,277808185,345078258,427750776,117893344,553241696,43109326,361488871,205964612,55167323
2017/03,11982628173,7920611215,672383074,859113979,1447656655,271891653,0,810971598,6918474269,4576613638,82357193,358610178,46572895,237296603,4724158686,3053179053,2451414200,937532699,307155279,271891653,14624163,1030539765,2043016721,1491916822,828594638,669166121,614797910,501530835,440558400,380576268,341260245,289640162,243427606,241989732,212837133,185576006,202142894,215141979,183086678,171562629,143743279,456921313,105733128,114291736,859952012,0,73657484,1458021298,2435668252,2178730859,1689370884,1381195495,998489898,648451954,269410630,36775472,1884348,810971598,232078080,540716794,90395632,35700306,646730552,111668847,134452638,655677138,732280773,139808616,947345920,657746093,75516870,254970814,956922829,207936929,139482235,101917138,1565358367,48637752,313070491,547764005,397664483,300922463,307196441,428062137,115406263,472934956,45160678,449550518,263714608,65836807
2017/04,9855171821,7015294121,521733449,655206785,1198718178,212018803,0,252200484,5851250848,3615331682,75224967,279586648,33777676,182648763,4432691850,2366721731,1895192241,623603446,142294987,212018803,16968535,1017656843,1952840938,1355660938,699936543,527834264,439303580,355682406,331896884,272537188,238353266,215769655,189894590,193549162,169727132,180632807,158094663,137106670,129127741,111654019,122798929,152134959,93961313,91287971,700760823,0,72143454,1329059807,2082002686,1916754083,1455176078,1149962773,821488277,531438282,226382660,17853196,710040,252200484,157840826,443232040,102790244,31013876,541417216,101696649,82302018,475332068,610241625,120451460,705935525,446090216,76160141,288976414,867397365,169217103,123547242,67312097,1192442813,26905189,292335996,363015721,455926580,247873818,238352196,316479258,110098261,411044462,45385621,419617297,244634176,80106311
2017/05,14605284729,10706979496,634272532,820362173,1451710278,273391691,0,718568560,9190880303,4822400761,172870424,385544022,33589219,303400462,6495517139,3662934050,2625362199,965671595,279007594,273391691,21550421,1708758221,3010315192,1999360815,1086519100,750905861,608787653,507402111,443780991,397452998,346759743,315995287,261670146,249658000,231455370,235574559,237387152,196565990,191648769,171674882,166235935,420682384,104324439,101972353,838846357,0,112235199,2057436229,3062774033,2663494701,2204391224,1674148676,1117711481,647656439,311718498,34265446,884244,718568560,296861069,627068624,126742708,60675158,727817675,159796758,119092240,662235683,872577588,228562273,1063480397,740651451,92242132,328764329,1214729989,226697489,147747645,120779358,1967742848,37976416,395443006,584182386,752912421,388296911,391932371,496351282,137862801,620707445,47613923,512110628,342236473,113393252
2017/06,16073906188,11847703631,709206051,944890947,1558259808,323655148,0,690190604,9471632925,5915673214,181450605,449700652,55448791,306893969,6873010111,4060449282,3074854496,1083443977,351599205,323655148,18624331,1967413466,3247512054,2109243469,1167913190,826173567,632114695,583130067,511804834,402535290,354370466,328292956,311026799,298309904,238422986,294076466,263809956,228747427,239141922,176949343,202023616,439451837,117721439,124387145,989586623,1122341,115132985,2165046085,3371916520,3006323083,2401951452,1898962930,1293607324,793742013,308168934,26514045,2350214,690190604,286834924,745046830,154602959,69146683,911276369,171468824,141836341,783749981,973602640,210191283,1135728807,827508041,115088845,500318165,1367593459,283912190,214429459,121395849,2080098632,51089842,452120482,601014642,536661150,387432903,434928025,579806146,133765311,701680192,64359299,585057965,348673470,103486481
2017/07,14555797340,10445893246,642055174,871620567,1481825271,336076263,1012573,777314247,8706628070,5233005523,111679463,457560994,46923290,215840337,5801793744,3837862015,2834025820,1175715622,354483540,336076263,16020313,1497465457,2780025820,1982629975,1107942275,818467345,637329826,508218642,463897959,385395138,338008306,310253913,294008223,278262082,235997978,256504371,237372738,199818982,216226474,170860335,174860591,421976587,127276146,111833535,985144329,0,104761919,1952648980,3024551499,2740543660,2129371972,1675023537,1169910015,649616553,302801411,27815362,1438185,777314247,308869161,614392013,112419300,47225435,743795911,106228701,112563509,836948006,962888749,179788894,1062809725,735986272,113207547,460756470,1278300237,244788126,188542746,75159904,1906003902,27592260,394539686,621847067,605524658,348115250,336160861,460639430,108758614,585257524,40081649,491822082,353026449,91757201
2017/08,15355297080,11255338979,686934386,872194548,1602526292,368474265,804391,569024219,8724194748,5944710689,141985720,504366884,40039039,259912701,6080149151,4178166251,3003836349,1116387159,348371204,368474265,17081902,1497917411,2954292124,2130403294,1203234164,855580220,680360669,583436477,491790223,437314246,345266130,351263344,302710330,297925180,281888524,262775829,237848341,213890048,192690312,151474035,159065849,384668538,146703094,112727846,1062988950,0,114618843,2071783756,3212258255,2965514261,2258594505,1893650227,1211043112,723543016,301799629,33066568,400688,569024219,285436332,762169696,142556923,72282226,683995619,176673787,139875044,772614913,992711417,217290962,1042423249,749003464,84843632,429628241,1377300998,261968064,183334298,104044796,1980828211,53591151,339459082,620209173,556492326,403732192,383063515,540539790,165433665,730411824,60082492,589529515,347975667,105794816
2017/09,13587910959,10031385771,644272031,803165268,1436795712,376165591,836423,295290163,7395959813,5545720621,116066612,492254471,37909442,214367961,5264343934,3835991080,2747438956,925056878,224546560,376165591,6642665,1196901274,2547144606,1975449866,1087608699,785120845,595858728,551724217,456311769,401199255,328775431,298115227,272193239,238747585,236642405,227619160,208254445,224436126,174786266,148563168,152981551,247395418,115228521,123905049,986305444,0,99303224,1878950129,2952633191,2661486909,2060145165,1561061916,1130877410,667650302,251246119,27415564,1850867,295290163,251297148,689388536,114751611,67914877,713531563,126345527,107129305,686710528,752690805,215134987,1020415038,656708305,79578700,336096243,1153340892,226428453,124324127,95272084,1836764911,46266522,353927023,583575069,476750203,351262643,367323507,454985416,149786095,690691728,47809981,467216571,268124011,76368549
2017/10,14871212605,10726745714,710434864,777982518,1636103246,406404064,2822746,610719453,8338358342,5842212399,135435406,522332357,32874100,225774068,5503471710,4178948564,3174305557,1069612989,312695653,406404064,8354424,1259439895,2720729677,2023674402,1174930289,843673735,675957938,613456090,528083234,421401595,393288513,359563328,302460907,280216026,277675938,288197204,290206854,185290612,203038141,218608383,185043884,364649378,122608282,131804307,998859571,0,100043683,1958720110,3116833853,2780297513,2210685978,1734127712,1266971488,766290305,288502092,36108045,1912371,610719453,268146164,723681664,109327567,69673809,736842891,132166274,143446856,737511723,835479431,220636908,1249702467,687335369,143202832,465290118,1280979388,239841993,146551352,104376261,1770842295,36701717,458658777,703023586,542368632,357028890,378841795,474327702,125039349,712463621,66666258,553892746,335980417,61183754
2017/11,15012842380,11020531136,691915867,789891076,1583325152,392732797,4672500,529773853,8582086347,5715258542,161340277,515568766,38588448,258820027,6020106348,3885156459,3066706180,1095054714,294265855,392732797,13499039,1494542859,2908008294,2044578614,1125552498,786843224,658640370,565053547,471048387,415166760,363196267,338332567,330650435,259793715,252936381,300359815,249435074,223946380,217304603,172877504,194719753,321300866,130707651,136540155,1037807623,0,111526297,2049890199,3150643908,2833336314,2306170158,1781248275,1195858051,752640215,274655151,25829448,1270511,529773853,295004703,728691378,129102807,56519782,759587547,143768930,135825525,804097778,902924035,221422967,1256933684,777275882,96177904,368682249,1288221405,250250606,175883370,82350762,1811085473,56322981,449757357,568839137,516282041,337134056,407262456,462625903,143170321,694198743,45583717,599572520,344595070,103691287
2017/12,17995908728,12967759515,889368624,985670173,2026980951,380262192,693377,745173896,9885876008,7376230450,179523573,519898164,34380533,279821716,6448060839,5046372071,4014437982,1399553646,427400282,380262192,33055584,1490677806,3089398708,2410212727,1446405768,1008043092,806194584,686187285,607660196,560875470,489540248,443557303,393465882,418659963,347343733,367547355,330880269,305138478,285644904,239854390,212798571,383627616,169249255,165745246,1304144295,0,113729034,2183453768,3846116471,3425448448,2790468715,2142578845,1524392434,801388736,385308528,35799116,2050737,745173896,317403185,817248109,171584966,90638642,971201149,179865007,174961578,883112202,1192547793,231342761,1520845726,965250961,165054598,577972188,1438320613,339106665,283038760,135707635,1834995820,62784477,532325073,814187798,632173729,396522038,470820592,637178082,146903326,690505467,95578743,694679850,408810322,123240870
2018/01,8546588679,5788942045,415951163,552315939,1098604417,154808566,0,535966550,5226911317,3067414502,17386881,213928777,20947203,63507916,2628292519,2519376437,2143096558,793347433,244159250,154808566,13599779,449450971,1228857539,1140755859,654187996,488426256,405140385,379290766,323157066,299437629,248316812,223206068,225432476,181094407,190203548,190866556,183082195,160348634,139548195,108994232,331888695,86798371,99283292,118846474,676374475,0,48150534,938600293,1766372319,1603052550,1256455092,998237083,765990729,439995174,182377384,11390972,0,535966550,150133935,457665699,70348433,34907644,349802805,38034952,95731710,536998984,409822030,82281695,670744294,456316029,69511940,195863745,869485344,113016798,138429560,28605306,1108717621,33968220,206716140,329377731,434219849,241872328,198180504,225098692,87549660,308140349,23658866,333497493,208761679,39128645
2018/02,12119432924,8550719999,536334813,719644047,1309049856,333923031,0,669761178,7171288992,4465858250,51547108,408116902,22621671,140022130,4627089847,3170900171,2616280769,939513065,291703912,333923031,21872882,961267836,2139313040,1600071966,949415443,658578483,569566060,519358307,432460778,356870299,295378984,287796881,281167271,257473730,230787734,243535090,219639833,206538722,165622275,143929055,354253392,130667454,107285268,123536082,863046059,0,99026999,1507105980,2583921271,2315320104,1780533296,1408742459,954602445,568295188,202861950,26413998,2848056,669761178,250874234,579938219,112400593,35910312,598645093,108727768,114376284,668724438,624404946,185061245,864468632,686960700,81825507,336571811,969425890,213140492,163606417,80104378,1675608434,39967261,325391881,520483292,418683062,278148700,304424296,356008808,120169853,531998746,55415977,466172332,272147012,79646310
2018/03,12185086499,8863153591,567287099,732780537,1390006575,392410077,779541,238669078,6671299249,4932072867,88321622,458588095,34804667,219294790,4923310639,3193515522,2545056784,763358935,148139752,392410077,5343846,1048680978,2117440545,1723087627,1015129110,711989663,576139758,467336209,444784946,370803519,323257941,300799231,248004454,233322649,208508444,214947441,240440481,183622048,174569271,159433525,233644927,99523098,101165073,123322325,859789390,0,94940908,1583382930,2712973662,2392711333,1849126346,1431056009,1005176451,591221064,262297646,23315173,215897,238669078,251365849,598531685,127392766,57280661,724515443,117597576,116682039,681651341,581403053,184334118,850025757,586478462,98685889,337766087,896040866,211765674,128833712,68052061,1608830280,31878074,403446833,484104319,416995105,252527881,342379862,412192211,114393025,569898722,52335203,533316609,254038513,90346821
2018/04,14405294203,10486134024,653332827,839664741,1502670054,298180800,1323538,623988219,8463332751,5359831630,178669696,369708682,33751444,291619005,5800800059,3671193497,3051972400,1010735011,280793431,298180800,15240302,1357785319,2612532885,1921118828,1117028079,764221205,607788362,552025261,514141001,419154404,339596051,355195008,315595862,276152461,272374353,280761464,243161261,236699280,219020827,173583861,416132471,140292906,138523059,154166209,963003485,0,117742234,1898728895,3095674289,2781034091,2167650497,1654244054,1120672543,649740914,268265839,26421904,1130723,623988219,255289184,704059806,118727900,54639705,697791427,155895252,142048460,643577210,816485906,212635092,1173035354,723435782,89765272,314787597,1216139932,240203694,163615718,110501579,1884383996,32719934,396462010,498893898,652620282,327393278,376350844,526711983,131220597,709542979,65200120,542476976,369963694,58718739
2018/05,15577344026,11339032725,680412967,952585157,1545672603,505364256,492991,553783326,8654301370,6133815115,146409955,610099846,32717740,257507731,6333073670,4035259123,3198559151,998034025,249546069,505364256,10518425,1555253774,2828308158,2083166516,1258863811,851320304,751693620,623264154,552607099,452041992,415357498,349978318,324999803,301710293,267919804,319458313,239365595,238136598,215185567,218660442,342502097,143095663,153860010,309242234,770833939,0,132975172,2047288368,3421422905,3132619359,2320211808,1782339732,1149949953,711005373,289641909,34816522,1289599,553783326,312839621,733161770,140199845,53544245,716095090,175449902,147875717,885426609,889016785,219718837,1150096458,828196878,123447928,387716718,1287416992,255870423,174256975,104859305,1925115884,38095651,443533471,520491178,655609197,399062110,418688237,550010380,155693688,761463068,75102069,569049047,397628435,82611512
2018/06,15971445970,11470089852,728831891,963379051,1712554925,403447795,955824,692186632,9014027429,6233684826,138809793,545486878,39437044,244214197,6457338822,3942158070,3318337144,1227006556,378943386,403447795,16222954,1751782832,2888531142,2004640272,1196394586,841904436,717244678,577667726,520625463,434960410,403708390,365334599,337865646,299246264,333560894,295939555,264938747,244910922,208281383,207141107,514133676,161280586,150414433,341404753,893310513,0,121599572,2056995724,3403113640,3057244680,2429517179,1828966885,1318901855,727946737,303723901,30038925,1210239,692186632,310346680,696665209,131146841,62470313,879353490,203103574,134855228,764949426,1018236470,220620738,1271891980,808584280,98129451,387015231,1357060322,254675301,202067088,143408298,1993074979,51863851,419181856,619005237,543391643,358943199,439852967,561120158,133501575,742437000,54715485,661241110,373198162,75338827
2018/07,15144883448,10993088951,622391250,848009304,1529452614,380389827,301214,771250288,8717875740,5703114443,146838068,545062462,31992734,248698922,6222805704,3804748229,3064136675,1114300570,309803520,380389827,20991979,1505022404,2806760517,2073253147,1195489426,850718824,695424491,577217788,515246020,409014470,374995060,360290731,303433867,275600873,259458661,278899444,253718131,212625574,215332575,172581342,437398428,140889295,139890664,183691817,886937919,0,128772370,2012415997,3228566533,2821165831,2251792794,1777317291,1187180660,679128439,259552598,27493889,246759,771250288,313372243,785003725,124787501,54313393,719157514,110616022,158895139,683628626,902341524,251471551,1228436066,765907695,133148944,436690365,1226143239,220072693,179554072,71318926,2143575599,35780760,440441162,549924937,617664776,402983587,356044371,476357355,123064587,647203255,53079372,515966874,350219028,67718545
2018/08,15681557365,11266906038,616565062,988069890,1648501852,470825096,1443009,689246418,8497956577,6348291386,133697561,671417011,30194831,241098330,6276734438,3985698187,3208404832,1131039355,367757126,470825096,17403835,1415135781,2839989683,2134851442,1270970729,902841168,693956590,638199680,502036314,461136327,393492570,338814722,333993669,337264643,269791152,320103981,238262562,234805043,211372362,175277292,435843051,143782380,157196887,192841089,1022194415,0,124278758,2036110127,3293382260,2949729779,2382856504,1803397888,1313473118,764895147,283529596,40410964,246807,689246418,381047582,727727767,139958659,75228326,817368182,180840527,106686171,821647333,955714375,217202216,1362137189,777579958,125408464,335726734,1324407077,241529122,171057735,93788531,1940051568,60507720,462363352,514638194,598806652,356206730,328997811,518853519,148681370,834946988,59848344,583700701,319366494,99531973
2018/09,14232941936,10207288460,552942016,849704254,1488264753,480828004,1052226,652862221,7881198987,5525098298,200478642,589168511,36997499,286060094,5462320449,3752627666,2977127730,1015239707,258738286,480828004,13526620,1070183332,2613084842,1962136507,1142008923,833129326,710423057,595764064,454285598,436260678,365705943,359696681,303379579,259316080,255125743,263572830,219906456,229693336,216524524,166710639,382776617,125379643,116504649,184007267,953839004,0,110213297,1806341661,3101356552,2647632760,2139061075,1656151094,1174818028,650120390,267983025,25807926,593909,652862221,314871525,722916525,101933748,58768469,748535724,135795084,159926719,739747134,707043066,225984591,1151976470,708842051,108087237,348327008,1175464389,250818255,171424783,109549842,1756033267,57303862,380914402,549586538,570517804,359766718,380318940,450986138,86451618,733193706,46836824,472550919,369555289,78913292
2018/10,16551864336,11840943821,701398222,941269731,1660157472,526845900,2708295,878540895,9330653406,6273643244,249424012,659024081,39119594,344815254,6339865841,4279312691,3429442053,1229494665,402087932,526845900,13620504,1338265647,3025229868,2342571534,1303690916,920960754,797164526,665689236,558850146,481423317,402962051,391913943,378742433,309193480,312825755,308054282,269485633,230657776,222359857,227053558,532628140,143482201,151111601,155916596,1068010582,0,119603053,2100251273,3533479616,3181990932,2469053770,1870302622,1330751368,730094077,301080433,36091825,624473,878540895,346830568,695146041,145145179,75208417,947003231,154807881,158414820,786756913,994039599,248831388,1302452634,874652927,127969447,427233132,1423835880,302106011,205934289,93250946,2122533764,61754926,520042737,590324115,587137515,373014927,388774938,519072827,138121246,820208230,98360377,581105733,340039127,101754569
2018/11,13838487589,10068364625,633494860,790657038,1503746891,449971205,2007279,390245689,7873081497,5220895155,98441406,611047615,35021915,171279879,5363632888,3772697078,2830524627,985979857,264402054,449971205,10693100,850298905,2356470480,2087959065,1211727723,825517794,673845497,592477609,479864211,425244824,395332298,320038502,285419942,291229864,282044720,260108580,231128073,213668186,189035179,171827686,340561634,114058367,139296134,135848594,954790625,0,97507195,1801366854,3053987252,2664775543,2063396792,1676279263,1163455649,650640566,254192404,21069402,1570979,390245689,321054386,671172182,144621572,53983632,714742113,160605263,138672835,665752302,897509555,183885007,1013324269,651030362,105838005,313487964,1286613226,237492719,164726551,72115670,1763294940,29639557,355156515,483156458,582021726,324213999,365804547,496441631,98297680,605093521,58472702,462471206,301949713,115845782
2018/12,14395400664,9918538419,944944112,933965114,1812546151,392136426,0,393270443,7242273767,6381458077,168743499,572654968,30270355,250667005,4662575386,4291669669,3398581061,1190235223,209535895,392136426,9941075,584386425,1932553525,2111066576,1308325782,928273529,808733438,663851534,565438485,503327177,426640569,385659379,380790899,306685685,307838551,338201089,268425974,242876224,226919244,211423620,306112587,173662808,121592916,179076707,1103596866,0,84423149,1631955870,3022931786,2849489489,2288643297,1724907424,1262006065,812900312,301224282,21301601,2346947,393270443,341822636,592757926,140696328,75595409,804539759,147608960,142527390,818594694,965021533,188674726,1230411297,576742665,117550614,331382901,1006862171,261018150,207445542,128693846,1548697042,44617096,392851802,798323323,511732019,371930157,387869711,533545538,107084447,652301812,66986124,528882812,235382284,137249952
2019/01,10787301552,6616298171,608771115,784608149,1220225392,309927453,0,1247471272,6866359239,3368530326,67179105,463954169,21278713,109359618,3143751035,2824502133,2737359373,1159664442,502737498,309927453,20330422,438547081,1461446173,1496996141,867839993,602691647,535767431,444316883,413074691,341858621,329536726,310910233,301595233,281900813,249511822,225125732,215621705,217861431,167024172,615966050,120932817,103702716,99025200,136625719,789092098,0,68363377,1183192456,2106412849,1922147691,1509937079,1161151974,851446057,497672688,213506545,23433712,2565850,1247471272,213368395,515343632,78494246,37978584,494522668,46959601,99964010,549729619,595135372,167374866,882523878,464734956,91915236,280062982,1146990436,98935934,139360454,50459419,1732557052,25676273,362921628,290940224,504111876,287620747,232407285,303690711,75906876,408583040,36170572,299921436,233115850,39823694
2019/02,11525910918,7640162012,807967925,764782323,1277024634,486580282,128586,549265157,6031591789,4709833983,106564758,647793723,30126664,186615768,3930125071,3182133075,2558373686,914716453,267366582,486580282,12557947,460601155,1732239842,1738219985,1020888589,731027523,626155941,532855564,429153863,379334194,330332474,301641466,262637624,248242356,242823180,245113972,219898207,187931699,170570964,364279075,132180209,118267445,99926314,172972214,766059114,0,89223505,1383074528,2470828075,2189569797,1770025025,1281863894,982953863,550618386,229290280,26201575,2996834,549265157,242555278,570472491,105937553,61561144,641864391,124862482,109294528,723866563,697516537,183001462,833113878,546711715,120697464,268289499,858600487,172734729,126279061,81375227,1453067600,32523623,329708804,479583610,451312401,263484283,276204944,374321873,100219939,497863960,48983842,407707170,249775245,92419133
2019/03,13431712811,9246055681,944998949,839744350,1342853094,642883437,0,415177299,6910589711,5440800279,192405982,850731066,37185773,302686361,5100938276,3516953806,2823952763,849313079,194985090,642883437,9814724,591446697,2325005987,2218905804,1170923198,845639937,704624315,549618960,501805844,417664322,379122870,340390659,317825505,261214441,257069345,265367353,193130235,201559186,191476922,290097455,134146612,142398434,130143148,133402917,858917941,0,110914858,1784812277,2973662100,2643917972,2056460563,1464743404,1094444878,616613085,240622333,29051629,1292411,415177299,285543355,633713239,146337665,66731504,774261410,114547734,118554519,763852900,800035829,223536056,1023999626,653412880,126281388,288326138,1001393807,244194448,128885663,93728141,1783018210,57789168,398292094,428459915,552730103,318890930,346465530,474540453,84819446,612220292,60120655,455488593,266077892,105463228
2019/04,12897221992,8740086272,1009358255,799724611,1379229573,448155549,0,520667732,6673625247,5419273683,114667252,663869120,25786690,218165382,4658816086,3653924592,2766019186,899000321,253140876,448155549,12447195,556518320,2111418263,1988293377,1150511279,793043814,686421968,618994914,509291118,442094908,357278570,311836744,291313582,248088897,228888875,230122552,232707683,207425797,165376701,358531554,134908412,128392795,128479558,128786796,874983790,1064528,88256635,1655136338,2821068100,2477615281,1951778047,1450899853,1063707311,595886295,243645261,28561137,0,520667732,278935413,653398355,132247985,71130367,745318914,115519067,114372863,792720186,771047995,194482803,1075327953,574410665,100515548,306380233,1016890472,227667042,164288524,92026631,1539175616,39311840,315801913,377947435,503057210,286033594,343683619,440286597,117730272,638737964,55440726,471422305,259213331,82698553
2019/05,15517255200,10554013587,1142719364,893526450,1655636299,450295272,0,821064228,8649731305,5938103149,185923065,708765436,34732244,289375003,5991981751,4045147047,3277095100,1115798601,347562426,450295272,20114280,882248426,2844229211,2326806196,1308879064,880118318,793400622,670396846,544891414,466629336,383574252,387604519,331693639,301923376,297927299,310371889,254959091,267525951,212132745,498382148,133207837,146257994,115946949,226816170,911217628,0,123868805,2051911633,3365766219,2902526243,2300959831,1764881786,1191117822,671837172,301674096,20360557,1286806,821064228,276992223,746010678,147151631,76191611,933950721,204911731,125128103,959173325,921525407,219486197,1317582080,700262721,101358841,344813515,1127009315,299619730,186758961,88905074,1959026245,44566847,436982735,480977687,531205482,373512097,392634863,549172604,137443354,725352083,69581814,615544374,293510533,130912618
2019/06,15938404864,10774441148,1198921394,939973927,1688969855,424040307,0,912058232,8637744523,6369747986,162267475,721835902,46808978,247559852,5897131538,4357359014,3386448664,1218971428,406894061,424040307,12133373,933848989,2911769080,2271339857,1308570389,912243526,772806895,677850568,541464936,527024842,427796902,457465020,356821188,305757461,320488275,280981420,260981170,259125840,219478854,481326084,161604904,170072795,150621908,268139847,948690743,0,114878705,1944340254,3353572862,3022998819,2425915818,1832545296,1278538655,725351820,299788485,24794827,3621092,912058232,352034842,662253543,146828532,55553874,900627411,176578604,123331990,898531940,1034544199,221739304,1286128099,811843200,104526489,337416562,1191280917,276335315,238010469,129329415,1836816980,40873530,564967786,565441308,703979423,374772721,416683806,501687792,132329337,694374829,94525134,626276210,320921990,117859312
2019/07,16031935315,11196186265,1237840342,995116778,1607148362,458967363,0,536676205,8571569057,6424444295,214151719,794931802,26838443,308444355,6019687642,4564548856,3310631615,1099321897,270333589,458967363,16299890,1011539318,2822578824,2425250848,1411488211,982670227,840078820,684153628,597420865,484683383,424985791,379395678,341036695,288536818,306937125,329063789,281741661,233561715,182201730,353161335,159583660,156551043,137867998,186999127,994147134,0,129463713,2073957323,3510355123,3159882307,2514302875,1766501951,1289466570,731042771,288114452,31460978,711046,536676205,384820084,754628267,159620177,77332412,893933147,134804493,126588137,946174943,932213941,240529212,1305943170,735829324,150021041,383421966,1284851672,266543240,122621098,105908682,2208099678,42169736,424937113,525938652,689448611,392167190,408862021,510752725,133156075,637504039,65972665,555690651,339235722,92215430
2019/08,14657414577,10170726017,1165965442,917282808,1479471846,472617830,0,451350634,7299072038,6359493072,192040858,783141469,23667141,281451788,5397118830,4125708634,3133070305,987013774,260433415,472617830,12512527,997203736,2524551659,2192034221,1281062512,853745524,762413753,636045900,529420178,442705799,383246845,339661310,324305239,307194601,264027888,249026940,223185296,214170171,188651559,356408992,153477657,154709591,138671558,161325482,967655640,0,110488723,1796833154,3258252344,2858984921,2347983776,1676269819,1168526485,657643368,294488805,32008176,4584373,451350634,363390968,743944269,151996505,55869825,692961403,136962190,120155170,793778494,947282432,236817617,1197424663,790555401,104374231,305704960,1152485190,286965082,187659956,84343923,1789515924,30858133,408997142,442224833,554054565,339555868,371162268,462901715,135328963,800957158,59199605,545245804,268023924,96716399
2019/09,14438072434,10007824356,1156210344,880154342,1448185169,367185697,0,578512525,7447551391,6072680666,148434035,727931243,41475099,230005305,5184511200,4199865840,3206910148,1008321404,241272839,367185697,1574335,927082726,2320275880,2478268272,1242812270,897258143,757293670,643793047,499073978,446254411,353409414,342502185,294918781,247014234,267065619,282532348,235546835,225957685,169142107,157356320,172894564,149179020,139487209,168578542,1018800841,0,96670241,1793824482,3113568432,2798372815,2265430180,1617290920,1183403217,680657218,272338037,36145321,1859047,578512525,324797083,712775859,129893206,62635749,853617695,114448890,144263941,621037635,906128264,228542988,1233351142,799536426,101334672,295573389,1071633665,246563500,170182671,95013722,1835121961,34832685,418683757,455950039,555595080,376644617,333141058,550799188,116702047,628195410,60662425,544562803,304339454,111511413
2019/10,16429819326,11111553383,1331484044,1025648357,1634774953,361369048,0,964989542,8631252787,7108958263,232746488,417499578,39362210,290625389,5749859483,4671612045,3729399115,1242694694,384259552,361369048,1695578,1026870000,2689465100,2933368744,1388061134,969545683,770408445,696608960,576005893,486164043,407424354,405507684,351012564,312675913,301574109,305121630,263694435,237248572,190716432,212166740,195705965,164203914,166175264,186697277,1191700892,0,110283613,2017383678,3558638521,3174590449,2519455097,1748495973,1324569472,704929723,284469631,22013627,0,964989542,346864477,866090033,159744481,85048866,948687313,132628695,155315126,931433261,927234905,255697850,1291004160,902629333,114410190,358565389,1311187994,271748259,209638334,112331108,2013762140,55244914,430669148,551411639,661220383,398858968,387334994,499086211,118793706,763252721,75444336,552550646,395917339,146012410
2019/11,13902510979,9427006248,1127054484,854865789,1487818719,359749641,0,646016098,7355688179,5958760729,194484177,364582394,28995499,238692665,4866491631,3905960232,3202710975,1030833233,298072601,359749641,3567352,888231817,2298667248,2374882565,1146648914,782671662,622638855,581690247,475292900,430932499,359406478,348614048,324671901,264506069,266827750,275551558,244963681,219978013,154476295,163002855,125557952,166828873,148171152,163679079,1071051216,0,88062953,1739307496,3032217966,2746758009,2140953173,1484584154,1069181566,675885809,260178639,17975116,1390000,646016098,338830305,591097434,115425627,57337102,835395826,149220087,121780567,770136941,764152484,189650955,1139995459,775808699,97021423,323930523,1090886155,247979613,172022755,78938050,1801080245,50112954,324526530,492056467,559061686,321692717,334122578,413853602,128950700,607293776,68008096,488732677,343342190,110066757
2019/12,17745818420,12170768359,1527014396,1113516577,1916152137,256633960,0,761732991,9447825346,7683274067,313812774,265323793,35582439,364397411,5983920897,5345520865,4093840650,1358637953,342866684,256633960,2589599,1129915628,2825175234,2883556816,1456313019,1038228398,882267592,746079077,641716186,567292920,487426678,429572249,393548253,372235594,340431819,344563906,319956839,282710331,237628613,238595358,198355343,194522632,195922149,196172256,1341041929,0,94587210,2049187766,3929139598,3507080801,2861804191,1923333798,1457446790,812198243,312654971,35436025,1216036,761732991,387606117,775646453,147201407,82248059,1083412491,174949247,166687459,907168247,987203675,237028921,1392850570,1034895162,154563152,467791587,1133291237,362225765,201205733,137705987,1920597057,61252871,547366301,1038456389,620945416,429294403,458978906,515855346,155551366,800292251,92585645,688286540,380450840,202223819
2020/01,8709227581,5918362379,622283140,667798866,904179702,210081708,0,386521786,5570933010,2818691594,77319982,217709059,24573937,93059829,2907434873,2589291172,2041332983,659166299,208860717,210081708,4385578,500448907,1376624944,1513944285,765020146,496138354,407805203,373874833,321954567,275029165,263776902,228239403,190904774,157227967,157742171,167999354,139176344,134915860,121839633,124019860,75252163,100184042,87551036,98999188,626172902,0,57340693,1104442775,1974078614,1748743741,1341000935,882601640,679818818,361526815,153696415,19238075,217276,386521786,241344590,446504590,109381737,39627024,386962203,60660864,61237072,552250762,355255384,127607288,606846453,516389556,59776262,159680270,800609966,130078919,73008434,32620514,1241360536,20262129,194582603,203983262,426370195,219693005,228271646,282366949,67565362,431218841,49571759,282263742,232021104,69854560
2020/02,12272991441,7892552890,924765922,717242951,1162258187,341980311,0,1234191181,6871831380,4827504953,169074651,377781437,26799020,207879580,3953081458,3470429116,2772342369,1154327110,372951498,341980311,1993557,671630394,1895849995,2407448451,1014629875,695921900,584117519,499997523,416669071,370025700,277365518,284996435,264403831,253928803,220706264,200194210,189521905,177756144,150074294,152454751,151041685,122293913,130462579,127877266,856918708,154711150,89093185,1508114481,2614740977,2244194711,1719960538,1241111452,852949379,558959264,186393073,19332495,3950704,1234191181,224500705,623365460,145275282,46167082,739549648,123498469,114062628,616073280,774502158,197075205,747876098,587304521,69224711,234049486,870951989,214055022,140027636,89130935,1728316777,40130251,291619362,547458389,355810495,336702710,368335043,399842669,126375804,600901937,76857071,457862979,289953948,96133691
2020/03,14543576232,10144336220,1230455685,891184857,1314939147,336808637,0,625851685,7730962659,6166712349,209362961,404723568,31814694,260566853,5129909516,4479323336,3094253883,983471779,259242226,336808637,1880154,1059089680,2461912700,2453385234,1267388482,831256052,685854237,646558066,508738653,435800098,373197119,353261732,346579690,313742032,254292954,243876452,246564199,208254163,158971277,172043627,147750088,124428038,145676417,100312681,885020706,117741701,109214793,1885989783,3347324326,2934608178,2231606191,1460124484,1066363219,613205504,237144968,29565998,2577104,625851685,136701106,681944845,144169231,61587295,852498999,145935618,132740114,771667525,836970207,275284120,1002586495,709186138,85302694,322505026,1081601235,299426538,166754862,115802371,1780694764,40245582,427380675,524082008,642087825,392430154,431103871,464873986,168721005,721146180,74010071,571158158,356127103,126850433
2020/04,10433781097,7608216806,766467629,637637555,859230924,200210264,0,362017919,6192465040,3788803650,130366072,305572407,16573928,157272311,3827694515,3264748309,2180435632,640531767,162888300,200210264,1636955,760407136,1891378587,1837230931,932552951,629105113,505422194,451289745,354835106,319130529,277809530,242556496,196798065,176933637,190374063,178893909,138650241,135246655,101883377,123069812,87784726,87109043,70933755,102591510,558727724,81429309,88283357,1478174603,2473460191,2051275149,1600248558,1046426738,720556103,416272629,179382559,15533021,2150271,362017919,334094174,482384033,93214989,20331103,673526499,115130085,109877105,424670417,438489105,168893578,817407876,537843455,93764265,193133116,1038421241,199664926,118330232,88639411,1245655250,37402438,328275781,301771717,309171901,315357472,278324375,280415156,43830870,589690181,53272647,411566940,209307715,81923043
2020/05,11451066133,8351161996,817886613,632906431,874182905,188406866,0,586521323,6727260769,4155551787,210435579,348921532,8896467,243323799,4061408996,3608544514,2320848356,785453193,243080409,188406866,4443380,779190236,2068198735,2098220088,1048020678,721556221,580229490,486100451,370726038,340626967,265258652,259043337,237136265,202574953,206223461,172694599,147779602,134284386,133371375,104918707,91346703,81968919,97398850,102836594,575399314,141518134,115802393,1649781741,2728024589,2220476000,1657176719,1089788929,776034141,427102499,184178549,13042218,3137033,586521323,329700734,487697635,73623210,17937255,755125456,139494746,114674498,623254403,597732932,200014408,917226936,729050296,48350565,308683353,1135762001,236420795,109354663,84709679,1099215505,38898490,319834924,319319858,294300873,336847680,357609272,322079192,38433730,676198385,54782812,444895731,186284571,53551546
2020/06,14550326561,10477636351,1047092504,859267569,1198527305,307212391,0,660590442,8252243990,5450792151,270746260,560353376,16190784,305689948,4845540324,4555514860,3180508007,1059580591,296280440,307212391,4277859,968523277,2455912026,2639358496,1317553664,885672717,717266878,632359448,520011055,465754532,383697549,355019499,289862023,252476237,210728584,275270898,216610936,170045364,172089069,159216848,139231794,130162105,119825013,130163108,789251707,149985874,123314182,2046763301,3404726358,2881577542,2158558146,1446322629,1032456393,539686419,231287202,24884535,159412,660590442,285480459,533934683,120747631,68663090,952297867,161470315,154438159,814852430,738721549,260631240,1119981136,1007437754,64056640,382036688,1339059639,245535672,178534553,106788893,1573025360,43162989,440189113,574496246,353400183,421784614,391590359,389241968,50738311,811171538,78962631,514634318,269337156,103923378
2020/07,14077468908,10011351321,1003098843,858438430,1124785174,427576046,0,652219095,7677870747,5451986891,255294790,670494213,21822267,279888151,4695971222,4213774094,3047474511,1093394711,319390173,427576046,13243877,948490971,2348042518,2556442901,1285159009,868508018,702997773,552127509,474947153,396378297,352839029,346169570,286274817,246055551,225052259,249836286,223279645,174961152,152952557,135977321,148411422,134113705,117036856,121537191,899092861,117540662,120113528,1842716663,3248858605,2835209004,2071798395,1452036431,1059688917,547475020,224950165,21680409,722677,652219095,333729312,591070329,102379177,54883330,826302292,115806035,118328312,783263459,750633974,219327172,1073261185,909173887,77504851,394037197,1331440770,241165078,115849426,77323839,1951689775,19977242,365606764,496729798,407760941,343271965,324113177,458135126,70440714,657749111,93495800,439125627,225599101,108294143
2020/08,14356057505,10070514562,1103180160,896102395,1230302123,432505542,0,623452723,7397512227,6048861478,216741491,673516780,19425528,253033443,4640920919,4386526860,3275412133,1101143419,266515190,432505542,17261438,978822224,2296877644,2526510034,1280036734,856778156,704891760,607944371,509745098,431112769,351222740,342789328,301920056,253692466,273581502,258438883,232623634,183885057,182206870,136894315,165621724,157192416,129391931,150542137,914101971,111972248,101430862,1868293280,3315913937,2875422415,2229710010,1417243498,1060530531,600240359,236477030,25559182,1783679,623452723,366090483,698713604,134081656,61814657,821018314,135121408,145241967,713507142,723017053,242209729,1082486371,850485987,87763654,345959424,1234060792,254303660,198192411,103683058,1965743982,40543883,460335829,389857764,426634562,354507942,351553432,460669393,136879351,632656306,67686034,510832525,283494063,76911070
2020/09,15109161567,10741635517,1084285514,927994698,1146196601,460767017,0,748282220,7720191053,6257049484,319259596,784262031,28399404,338878402,4824411167,4539678232,3436751375,1173523282,335152092,460767017,10268126,1005645090,2468232205,2758661809,1341115920,927895647,737955060,644969632,527295834,425484741,371551358,349595776,336728287,245989312,249665842,245825721,248345846,189780774,203016598,186991805,173968664,162171257,144124359,135328350,866812765,151740789,96971426,1843382753,3444695663,3073807599,2378040219,1567204565,1091412872,616327021,218539673,29347636,1149920,748282220,323345270,643939516,141200984,62719967,824464422,121784860,156852351,809617507,841341992,248830377,1205672984,815619171,95486150,368517640,1369251087,209000260,180491577,79460990,2033975129,38670571,443206571,515436683,421390370,385565855,401881073,459545214,174710384,724229588,95177614,503806914,292649055,121319442
2020/10,15245700024,10848373203,1103951554,952373409,1254337906,548249433,0,538414520,7568751948,6518374625,217111449,917028635,24433367,249784229,4601344939,4967751938,3467194231,1115316210,296059044,548249433,16181525,1026572863,2477862024,2585899908,1371101429,945379695,795120054,686087064,565517286,489526494,383509514,359035098,334581319,294267956,257739684,239168607,258767034,195861793,196838458,167737115,164684675,169541313,129676626,148913885,903845693,82282912,85435636,1790186005,3469010271,3139471569,2383511510,1630217938,1223316403,654661990,291147338,39938953,387891,538414520,365590748,659336588,156107488,64929059,851149735,119572696,173652540,797233337,801860301,225767303,1170201444,843682836,121943004,469626556,1194752500,271275544,191427369,102090046,2006536558,30645708,427420798,596879196,379820375,415213072,400185289,490597016,153578173,732475780,98562570,516844976,313265877,103475540
