Nombre_de_la_Serie,Total_nacional,Credito_Tradicional,Linea_II_vivienda_nueva,Linea_II_vivienda_existente,Linea_III,Vivienda_Economica,Vivienda_Popular,Vivienda_Tradicional,Vivienda_Media,Vivienda_Residencial,Vivienda_Otros,Hasta_01_UMA,Mas_de_01_y_hasta_02_UMA,Mas_de_02_y_hasta_03_UMA,Mas_de_03_y_hasta_04_UMA,Mas_de_04_y_hasta_05_UMA,Mas_de_05_y_hasta_06_UMA,Mas_de_06_y_hasta_07_UMA,Mas_de_07_y_hasta_08_UMA,Mas_de_08_y_hasta_09_UMA,Mas_de_09_y_hasta_10_UMA,Mas_de_10_y_hasta_11_UMA,Mas_de_11_y_hasta_12_UMA,Mas_de_12_y_hasta_13_UMA,Mas_de_13_y_hasta_14_UMA,Mas_de_14_y_hasta_15_UMA,Mas_de_15_y_hasta_16_UMA,Mas_de_16_y_hasta_17_UMA,Mas_de_17_y_hasta_18_UMA,Mas_de_18_y_hasta_19_UMA,Mas_de_19_y_hasta_20_UMA,Mas_de_20_y_hasta_21_UMA,Mas_de_21_y_hasta_22_UMA,Mas_de_22_y_hasta_23_UMA,Mas_de_23_y_hasta_24_UMA,Mas_de_24_y_hasta_25_UMA,Mas_de_25_UMA,Otros_UMA,Hasta_20_anios,De_21_a_25_anios,De_26_a_30_anios,De_31_a_35_anios,De_36_a_40_anios,De_41_a_45_anios,De_46_a_50_anios,De_51_a_55_anios,De_56_a_60_anios,De_61_a_65_anios,66_anios_o_mas,Otros_anios,Aguascalientes,Baja_California,Baja_California_Sur,Campeche,Coahuila,Colima,Chiapas,Chihuahua,CDMX,Durango,Mexico,Guanajuato,Guerrero,Hidalgo,Jalisco,Michoacan,Morelos,Nayarit,Nuevo_Leon,Oaxaca,Puebla,Queretaro,Quintana_Roo,San_Luis_Potosi,Sinaloa,Sonora,Tabasco,Tamaulipas,Tlaxcala,Veracruz,Yucatan,Zacatecas
2012/01,31626633,31626633,31306873,293809,25952,921941,30521517,122541,0,0,60635,1296602,22359863,7878963,0,30570,0,0,0,0,0,0,0,0,0,0,0,0,0,0,0,0,0,0,0,0,0,60635,63131,4810332,6294573,6323757,7173451,4096255,1839126,840315,125059,0,0,60635,1199718,1664088,0,0,2014194,0,196313,624857,0,637245,4743677,0,0,39474,2700605,2876108,452316,0,2059118,0,2527497,0,61339,0,680653,4240516,322300,1655516,49939,2881159,0,0
2012/02,699914238,699914238,628875914,71038323,0,39115789,655935885,4862563,0,0,0,40863888,527858720,130609824,305197,62529,104245,62529,47305,0,0,0,0,0,0,0,0,0,0,0,0,0,0,0,0,0,0,0,9577110,135716069,145888459,127525472,129845155,86443050,44193953,16644639,3750672,329658,0,0,16112951,35490215,1286604,4072121,46768369,1789215,3942549,34807684,94742,21009258,16917830,39237478,2557489,15142713,61818076,24976889,3474091,1881364,71524731,3139573,23596548,5566774,42378708,11539949,23944519,57878908,10567818,57740876,5710216,30971105,19557147,4417729
2012/03,835783957,835783957,701257929,134526028,0,43772796,780881341,11129820,0,0,0,63903901,604880935,166562669,313061,0,62529,0,0,0,0,0,0,0,0,0,0,0,0,60862,0,0,0,0,0,0,0,0,10895277,163479898,179977426,153295482,147600817,102043103,55006118,18954294,4028006,503533,0,0,24491628,49811847,2312277,7253737,54315175,7649621,9015663,48087596,1007003,23181362,22848107,48459332,3231438,11189800,62776905,25484789,5189377,5437604,69464257,2523510,50044988,16298170,30211768,18494920,28754256,45488270,14773787,50514348,5124538,45706693,38897504,7743688
2012/04,385640950,385640950,296159617,89481333,0,23912569,354564490,7163891,0,0,0,33078390,275433018,76951988,100132,22283,0,0,0,55139,0,0,0,0,0,0,0,0,0,0,0,0,0,0,0,0,0,0,5209839,66380804,81879706,71940081,70149020,48229445,28072795,11070146,2585949,62529,60635,0,6634204,29287988,1539991,994384,20500438,3540262,5051846,20306059,585786,10967364,7574055,20555080,903320,5022186,51058522,14314378,3463129,1966185,25428441,1052208,20242281,1209186,18027920,16273792,14020536,19792025,4912529,9937163,4935856,24370822,14977443,6195570
2012/05,534182694,534182694,422264544,111918150,0,24311384,498687087,11184223,0,0,0,39567124,338972127,155397483,205690,40270,0,0,0,0,0,0,0,0,0,0,0,0,0,0,0,0,0,0,0,0,0,0,5192186,98210601,110217679,102775457,101785267,67066525,34767472,11338491,2647114,181904,0,0,5332985,24440293,3836325,1468064,19248668,1838737,5501773,30052608,155376,14373750,61685515,40061127,1967146,12671458,61331974,28813642,4354183,2788695,21154837,759810,23511708,15458510,2592791,13970958,10549569,24637921,11003160,30602120,3413696,35154826,18463656,2986812
2012/06,643824334,643824334,573217443,69446340,1160551,20108218,616957980,6758137,0,0,0,51804235,417340111,174395775,181052,0,0,51705,0,0,0,51456,0,0,0,0,0,0,0,0,0,0,0,0,0,0,0,0,7359160,111652264,144755860,131026544,120279962,72475542,39448307,13704921,2991092,130684,0,0,6818801,28154319,1696192,1368722,22205997,5414143,19820162,32673756,60635,8508435,68913106,22842008,2893306,14313949,87898957,19477192,6958389,11654013,40225891,1320665,33067184,13705438,22430599,14357324,11880376,26683799,14058207,31263206,5526199,43093487,12811197,11728680
2012/07,356065579,356065579,311789066,44276513,0,11391770,341097184,3576625,0,0,0,30458376,241047926,84338809,76011,57627,0,50393,36437,0,0,0,0,0,0,0,0,0,0,0,0,0,0,0,0,0,0,0,4648339,67968652,80435530,67269692,66066529,40623519,20085224,6410540,2537344,20212,0,0,2955912,24834438,523605,1709065,15030996,2142948,7440407,14324083,242538,3508267,21648391,15966207,3563918,6894033,49597498,8464423,1727916,1564478,18841816,490911,19862873,2195669,11458227,10003204,15555569,30997314,8504490,13133227,2677290,22219353,14575427,3411084
2012/08,275479835,275479835,256042142,19437692,0,4679551,268416201,2384083,0,0,0,22060383,173476884,79735946,108210,60635,0,0,37778,0,0,0,0,0,0,0,0,0,0,0,0,0,0,0,0,0,0,0,2726638,51429947,61904212,57497592,52415463,29995110,14755771,3973879,720588,60635,0,0,1581491,14022217,1398502,1268314,5709194,659079,8244171,14536349,0,1473296,26399660,23184078,3332730,5023784,27800247,9434280,3899820,7936002,7931335,950251,19895644,6852379,10251420,2091804,4892445,18909418,8412974,10291962,422028,20422295,6558431,1694234
2012/09,316490332,316490332,302089372,14400959,0,4147480,310732356,1610496,0,0,0,22924761,197359042,95962733,183161,0,0,0,60635,0,0,0,0,0,0,0,0,0,0,0,0,0,0,0,0,0,0,0,2967766,58455314,70833242,65371045,60347401,36015388,16033553,5295608,1047851,123164,0,0,1921878,24162997,605678,663617,3084152,93783,12193341,16999981,60635,668646,38128202,13643049,3757147,5269609,38878400,8337075,10122333,3055614,14060365,3923322,26073544,5250636,8902121,447851,7795554,13097444,8387512,14344932,205988,26923669,4192612,1238646
2012/10,232381270,232381270,222825076,9556195,0,5662801,225439589,1278881,0,0,0,20668094,147974492,63676155,0,0,62529,0,0,0,0,0,0,0,0,0,0,0,0,0,0,0,0,0,0,0,0,0,2613469,45898265,52252004,43709491,44111676,26513787,12280177,4480700,521701,0,0,0,5418773,15031641,752406,1579298,2765808,249014,3172631,15769410,0,1401757,17511377,6335538,2641439,12523739,22403627,6581080,5051426,5950219,13834814,5292222,12220604,4180594,11819944,240993,9507453,14625224,3970719,8952332,684165,19119638,1208317,1585068
2012/11,49917172,49917172,47667592,2249580,0,1049661,48661606,205905,0,0,0,4085419,32801923,12993939,0,0,0,0,0,0,35890,0,0,0,0,0,0,0,0,0,0,0,0,0,0,0,0,0,679730,9690662,11706857,10029444,9494401,5679973,2080005,495465,60635,0,0,0,1756886,3228965,0,390543,1093741,0,1101889,3464485,0,303749,1268472,1044174,462833,3379951,8245159,428232,2747506,258034,2487042,603883,1459961,0,1452608,0,3777635,2814136,1338023,2183874,0,4044207,114832,466352
2012/12,1772482,1772482,1724396,48086,0,48086,1724396,0,0,0,0,60635,1585736,126111,0,0,0,0,0,0,0,0,0,0,0,0,0,0,0,0,0,0,0,0,0,0,0,0,0,339714,523907,658531,189696,60635,0,0,0,0,0,0,0,0,0,0,0,0,0,0,0,0,0,0,0,0,1415036,0,0,0,0,0,0,0,0,0,0,48086,0,0,0,104051,0,205309
2013/01,705113673,705113673,704695851,417823,0,18193371,686263109,657194,0,0,0,48255647,462122670,194541532,28745,0,55699,0,60635,0,0,0,48745,0,0,0,0,0,0,0,0,0,0,0,0,0,0,0,6594190,126311609,156861485,145604882,130576976,81855583,41488898,12741477,2892880,185694,0,0,8527995,27735922,887423,0,30556976,5603261,23655457,5516523,0,7869792,41824585,28881350,64967,43990303,107803340,32369066,13364961,7951811,71255497,14711767,35471925,15774399,33714652,12053650,13096502,18332513,11264039,37580020,3057850,41988408,7705187,2503531
2013/02,142460050,142460050,142460050,0,0,7474901,134985149,0,0,0,0,9065118,99784245,33610687,0,0,0,0,0,0,0,0,0,0,0,0,0,0,0,0,0,0,0,0,0,0,0,0,1281093,24616294,31296035,26728877,24278564,20461112,9740895,3219175,773038,64967,0,0,3844237,5659784,0,0,4945847,218406,1518124,7136819,0,1990077,4130941,6595797,0,2960602,30380688,6270445,1343865,1432899,14583103,1314238,6357945,1906921,6103782,1501753,1674483,2965152,1608761,12593374,457945,11851417,175704,936944
2013/03,423006723,423006723,421399598,1607124,0,12742129,409821635,442958,0,0,0,26379459,277356409,119219010,51844,0,0,0,0,0,0,0,0,0,0,0,0,0,0,0,0,0,0,0,0,0,0,0,3469446,81786334,95591126,87098408,76497704,47659284,22915174,6529343,1396904,62999,0,0,10242536,18155816,1750595,0,12360935,1395839,14250955,26021972,0,8304432,31060398,27693077,1934352,9314995,36942930,21360653,2395089,4782975,29862829,2588933,27608402,7637873,16503367,7576521,7226635,19451402,9473996,24563623,1825910,29579904,7320148,3819630
2013/04,620165097,620165097,607210936,12954161,0,18262369,600882324,1020404,0,0,0,47667552,420235330,152090298,106949,0,64967,0,0,0,0,0,0,0,0,0,0,0,0,0,0,0,0,0,0,0,0,0,7706187,133008259,140398040,115231284,105250257,72096947,34679991,9361580,2302618,129934,0,0,15725438,15980925,1024924,0,37232472,3235788,11220347,39261734,62998,8818550,23486832,42444360,947805,14221380,109576292,24089170,3122388,3374227,53469387,3916199,16281009,16084267,28488214,13581004,22193194,27504107,6866982,25774119,1339361,22870369,25990352,1980903
2013/05,514956869,514956869,472814491,42142378,0,22993073,489371709,2592088,0,0,0,41460882,345181738,128251251,0,0,0,0,62999,0,0,0,0,0,0,0,0,0,0,0,0,0,0,0,0,0,0,0,5132082,101433676,118843562,98806626,91651480,59384453,29635306,8461674,1419015,125997,62999,0,12181745,17648076,1465725,399374,25178205,3519326,9364930,26601566,186045,10427294,17736276,51593126,1235129,9547479,83094408,18586018,4035952,5975203,35704147,3120491,15395467,14468478,13133218,11483448,16432175,23342165,9226490,22001154,1009859,27931696,16266527,6665680
2013/06,288516192,288516192,262857687,25658505,0,9906902,277046894,1562395,0,0,0,27357257,185173718,75922219,62998,0,0,0,0,0,0,0,0,0,0,0,0,0,0,0,0,0,0,0,0,0,0,0,3821242,58545167,65678799,55438765,51556298,34219941,13921888,4391276,879817,62999,0,0,6565385,11321352,365904,125997,14534035,1358584,3898810,21129101,295984,4551016,12250740,33248445,1062368,7669707,32032196,12625235,1668608,3577047,11693872,1387064,11365685,4960250,6253557,7045808,10992712,12799744,5455026,13741559,701774,24208774,7010945,2618907
2013/07,399088954,399088954,352184536,46904418,0,13986023,381220323,3882608,0,0,0,39060566,255276610,104751779,0,0,0,0,0,0,0,0,0,0,0,0,0,0,0,0,0,0,0,0,0,0,0,0,4830304,84024199,92333129,75984992,69779066,43680510,20614611,6273999,1505146,62998,0,0,10423871,19597019,530294,314992,14781402,2070480,4221339,26723769,188995,7796754,11882346,42689471,2235710,15399385,43657838,15312620,6063923,3241064,20321056,1800224,11530532,3887226,14099632,15152267,13630439,17216568,4766747,22501737,986938,22404455,19569348,4090513
2013/08,452121764,452121764,413807488,38314275,0,14259971,434191197,3670596,0,0,0,40396127,286472787,125252850,0,0,0,0,0,0,0,0,0,0,0,0,0,0,0,0,0,0,0,0,0,0,0,0,6281629,98526823,103477850,86196497,79509745,47520684,22322360,6707938,1578237,0,0,0,9718529,14685433,599719,1044418,20337352,2827673,1981304,30888547,242965,7289799,12129399,41585949,1782902,15062899,68363500,18109222,2195105,3232592,27673971,5736143,20489754,5129827,20067922,8482769,14439624,25016408,3911515,27837142,1340589,26126865,11385825,2406103
2013/09,367383254,367383254,332948315,34434939,0,11240594,352052580,4090080,0,0,0,32859921,233250623,101211481,61229,0,0,0,0,0,0,0,0,0,0,0,0,0,0,0,0,0,0,0,0,0,0,0,5489569,79962123,82701454,72441455,63458333,39498440,18326429,4753660,688794,62998,0,0,7554819,9026763,1324810,960228,21640242,2236297,609479,21255474,125997,9979443,5080573,27213287,1017101,13592463,53021291,10852617,1590191,2890429,47780778,2175163,6291984,2789223,13932387,7717864,21204635,26473991,2797219,18988088,771896,18091986,7892590,503947
2013/10,395074149,395074149,337121778,57952371,0,13781103,376394074,4772975,125997,0,0,36648526,248806700,109555924,0,0,0,0,62999,0,0,0,0,0,0,0,0,0,0,0,0,0,0,0,0,0,0,0,4972680,89306585,93888822,80381027,64152984,37684413,18831723,4193783,1599133,0,62998,0,5160799,10676611,862404,580882,25147033,4410642,2026328,21899470,188995,11472416,8618018,31815434,442958,9666142,62825667,13975006,2248951,5796266,38347657,2971941,11307523,3625333,7419302,11943168,16316844,23508220,2895104,19780176,1130999,21331611,14021613,2660636
2013/11,457521182,457521182,402684358,54836824,0,10788632,441522843,5020712,188995,0,0,45374349,292335682,119748153,0,0,0,0,0,0,0,0,0,0,0,0,62999,0,0,0,0,0,0,0,0,0,0,0,6605157,104362242,110618078,89325371,76689994,44505676,18788690,5372755,1190221,62999,0,0,9685281,13941594,529228,372963,23480469,4144039,3715418,26440362,62998,8972756,8062981,43354310,1116572,14084075,65622431,19254461,127966,2910322,60219764,1744938,11148052,1056504,21436820,9204722,15769029,33715126,2151503,22784906,2247342,15820874,11538128,2805250
2013/12,972408452,972408452,860698198,111710254,0,22817392,940897679,8252393,440989,0,0,93706481,616546036,261963002,127966,64967,0,0,0,0,0,0,0,0,0,0,0,0,0,0,0,0,0,0,0,0,0,0,15183715,213086911,227018569,195533802,168028519,96769000,42723828,11068486,2867657,127966,0,0,13255332,23867665,2744043,1280343,48526287,10488943,14483320,47567000,314992,19460488,19472436,56437306,2412268,57577164,136511392,32017154,1508729,3612031,155006897,1434104,17909964,6708391,47751051,13992114,36741561,55086350,17306558,49155405,1444346,47499460,26832523,4002833
2014/01,210020771,210020771,209530968,489803,0,7314062,202192137,514572,0,0,0,18464707,130354108,60933765,209756,58435,0,0,0,0,0,0,0,0,0,0,0,0,0,0,0,0,0,0,0,0,0,0,2800186,47709608,49187559,42229965,34875471,21966715,9003198,2019833,228237,0,0,0,1615194,9275016,1210758,155714,7110394,2133316,3827468,12127244,0,5532207,3504501,26630052,853401,2168585,19780925,11949701,400941,200470,37729097,191049,5880378,4684195,3626347,3078921,3026974,13074532,1136286,11613440,1992178,8797755,5299646,1414086
2014/02,417641570,417641570,416155559,1486011,0,16910165,399652362,1079043,0,0,0,32371397,266509334,118661734,33645,0,0,0,0,0,0,0,0,0,0,0,0,0,0,0,0,0,0,65460,0,0,0,0,7631205,103355855,98329552,81642833,66436444,38439258,16640192,4631999,468771,65460,0,0,5863506,11630141,1815411,196584,20329553,2994915,8164929,28610270,0,7887860,6027339,47864447,1367360,8197149,65758438,15295229,130919,628970,70500448,387106,7553724,6085915,11361298,2882832,11415231,22403735,2756829,23847696,1022206,17050158,5920176,1691196
2014/03,515478210,515478210,473423833,42054377,0,18688799,492706561,4082850,0,0,0,37017135,307205021,171145742,57919,52393,0,0,0,0,0,0,0,0,0,0,0,0,0,0,0,0,0,0,0,0,0,0,10146432,122035462,126156386,104636478,74822062,46817453,22953528,6601357,1241547,67505,0,0,10114070,17627953,2303863,392875,24249254,3035881,3401428,29598619,0,9433182,10053722,33010587,1729582,8625411,70859257,16062222,247031,6471745,87583981,862510,13087751,6280212,36357636,9935464,15849467,26020487,6273020,27374574,1184545,21824111,14377335,1250434
2014/04,518395252,518395252,463819757,54575495,0,15749082,495232452,7300975,112743,0,0,37796648,313209922,167331574,57108,0,0,0,0,0,0,0,0,0,0,0,0,0,0,0,0,0,0,0,0,0,0,0,10680399,125236668,118666740,96788881,84985533,51942967,22073355,6777747,1113622,129340,0,0,7540318,22888386,2047616,903256,21778838,3958247,4398353,36393304,0,7522940,10087385,26053741,1022589,11983502,76974263,13212384,1858395,4943502,100572413,921354,11678016,7673752,24832345,7999144,12426592,29592660,5235202,25374098,1275991,26823493,9134993,1288180
2014/05,583801447,583801447,494648577,89152871,0,13720174,559445828,10445261,190185,0,0,45148168,339927695,198235374,367627,122584,0,0,0,0,0,0,0,0,0,0,0,0,0,0,0,0,0,0,0,0,0,0,9284068,134082680,141220656,113903379,91622833,57755256,26335567,8136440,1460570,0,0,0,10771029,26326066,2500694,864838,26621911,5535591,5900180,39009911,0,14541120,11575930,32702422,2541311,11323853,80577391,15933626,670962,6892891,98751921,1635250,14085898,5629064,31883132,17748575,14893513,30593911,2086664,30287102,1997278,24253148,10337717,5328550
2014/06,809707938,809707938,699328300,110379638,0,17068584,776822104,15389448,427802,0,0,73502647,463276872,268803789,3104501,1020130,0,0,0,0,0,0,0,0,0,0,0,0,0,0,0,0,0,0,0,0,0,0,15384095,192208838,187612176,160707468,130640005,74486476,34656676,12417560,1527139,67505,0,0,12323703,32079373,2991996,1058805,44535435,10846372,5809421,58188585,0,26108016,18878014,37062550,3792674,26746015,78032397,21381372,67505,10091954,122153242,1171879,16321143,9927756,66319756,17797930,20832794,34854999,19102139,42663939,2507447,39941245,21323486,4795997
2014/07,712937576,712937576,597926170,115011406,0,15690195,680556773,16306032,384576,0,0,61803751,384616438,244962958,18204641,3280238,0,0,0,0,0,0,0,0,0,0,0,0,0,0,0,0,0,0,0,69551,0,0,13830415,169244445,168002108,129650508,112841817,70813597,32855316,12906095,2527345,200470,65460,0,12089933,27201226,2037044,992363,30780720,7076621,1815665,42593039,0,16949341,15482707,30080743,2977331,12246832,90949524,16418880,263884,7021708,142683654,407994,20037591,9242161,44159382,11592858,20594105,46288979,2561985,39763262,1458575,31369613,21443444,4356409
2014/08,807728702,807728702,693652255,114076448,0,15572622,760464652,31070680,620749,0,0,52089248,409527783,284865147,49345267,11781918,62224,0,57116,0,0,0,0,0,0,0,0,0,0,0,0,0,0,0,0,0,0,0,13529996,190639975,184551247,143805421,132104243,76447511,44972261,16883176,4522807,272067,0,0,14629313,27066020,3487742,782151,30744307,7408660,9833078,45082226,0,17188105,16209948,53634247,6306022,25835994,100975911,14257564,1071199,10651045,146148402,758625,15908564,12436474,35135498,15075689,27739872,47355237,10681591,46794164,3014941,34072126,23007937,4436052
2014/09,919394989,919394989,814451858,104943131,0,17327703,861071165,40662762,333360,0,0,61200646,428776681,319109249,88438162,21701013,169239,0,0,0,0,0,0,0,0,0,0,0,0,0,0,0,0,0,0,0,0,0,15578987,220314473,212192141,163407077,138729498,92058465,50700103,20949737,5290117,174390,0,0,13820908,36723212,2914558,1046353,38250531,11350599,6128417,38596306,0,14328381,32911607,64176928,4571001,37245559,109493866,10949423,2377415,9975368,143031197,463505,14461061,24728110,81300994,14066565,27825287,43568839,13133183,53837025,4030965,41164264,20166371,2757192
2014/10,1064456380,1064456380,926357904,136822200,1276275,17564682,982605185,63393824,892688,0,0,72233167,469870848,378496565,110571687,33191431,0,0,67505,0,0,0,0,25176,0,0,0,0,0,0,0,0,0,0,0,0,0,0,17991236,250045997,238527751,185796047,164458523,113935875,61300804,25307546,6833523,196147,62931,0,16730385,39632852,4290474,1203387,46309119,12699731,9742939,51335312,58877,16760401,50432517,69319738,5431585,35861060,135633582,14394096,1988419,10257518,180202222,576439,28668467,18436906,69072308,16389239,30234891,53339363,6255278,61636908,4051849,49879917,19461524,4169077
2014/11,1092222005,1092222005,953638720,138583284,0,21407749,1003941017,65755908,1117331,0,0,62843748,499602284,378514518,116155511,35049865,25605,30473,0,0,0,0,0,0,0,0,0,0,0,0,0,0,0,0,0,0,0,0,17287118,249518492,244213902,193664654,175647148,113497297,62601763,27932424,7311502,482245,65460,0,19255006,39143983,4710882,1509030,41456005,16401590,8873031,50445458,63414,17326981,36182749,52122446,4378683,40768278,152991086,38716652,893520,8528865,164679758,436113,29107838,24916061,97008732,13188815,30616530,52974854,6241007,66115930,2813686,45274341,21674951,3405727
2014/12,1198308166,1198308166,1021145819,177162347,0,25164659,1094031279,78014814,1097415,0,0,27997348,560288190,415286219,147304012,47163246,112164,156987,0,0,0,0,0,0,0,0,0,0,0,0,0,0,0,0,0,0,0,0,18671073,276870661,274598845,212006430,179790332,128304730,71342034,28382822,7747362,526371,67505,0,27853833,42882192,4202251,1430297,71997423,18075902,6188405,63483866,135011,23456420,39860207,93908316,6251717,66682448,147313983,28577169,527949,16649441,141043772,388388,25345428,33210944,64455948,24624117,44446118,61367079,9138220,54326619,2587549,39970397,33260781,4665977
2015/01,329503614,329503614,310868972,18634642,0,9154712,298633766,21508426,206711,0,0,6288231,149483803,109894784,47077088,16693646,0,0,0,66062,0,0,0,0,0,0,0,0,0,0,0,0,0,0,0,0,0,0,5470999,72404546,78542107,59186977,46486761,37496065,18460427,9171928,2283804,0,0,0,4720755,13561933,918282,0,8827332,1344398,568812,12032980,0,6936886,6991554,12779472,419700,2029907,48235254,8898703,0,4801469,63225488,2792433,16374007,11036104,15428812,1427816,6216474,17379903,7843336,29433840,222171,19035542,5811029,209221
2015/02,1035039792,1035039792,930945724,103673677,420391,23163795,959616600,51652021,607376,0,0,20347190,513749187,342511779,119210519,39147975,12000,0,0,61142,0,0,0,0,0,0,0,0,0,0,0,0,0,0,0,0,0,0,20989549,248037448,232324653,173602462,148942394,112291367,62558686,27927226,7870674,299115,196216,0,20004320,41605537,6736855,137298,47487056,12378412,2791977,43437530,70324,15488571,40299798,63055939,1555859,31006683,170727373,17721364,729267,7333401,201023010,3293632,19743989,14491999,50376758,9012243,24289865,46281114,12214682,56391310,4128942,43864403,24790525,2569754
2015/03,1112070913,1112070913,941145121,166131070,4794721,27825786,1024269857,59164906,810363,0,0,24582440,568889744,358649599,122592810,37237778,118543,0,0,0,0,0,0,0,0,0,0,0,0,0,0,0,0,0,0,0,0,0,18073576,261705513,248998644,189819478,156810912,124246385,72305880,31169952,8393502,547071,0,0,18907837,48885520,7623898,579960,47810894,14932118,3214587,55930046,88301,22321689,34557907,61203201,6678477,34264526,182559621,24247272,2407853,13396110,178251442,2324021,23921077,14565987,54497923,15950830,41806071,51179465,10948564,68655267,4516508,41790840,17699262,6353842
2015/04,1133734004,1133734004,993108115,138108569,2517320,16956680,1040495421,75693241,588661,0,0,22914734,552365610,370294897,137198852,50720502,171215,0,0,68193,0,0,0,0,0,0,0,0,0,0,0,0,0,0,0,0,0,0,20122964,257831868,254326693,193185223,166005021,126293275,74300558,30319036,10963545,385821,0,0,29701104,43369077,5151927,489211,48128060,14657715,5990074,62431022,54866,19564503,33522731,63035529,5948565,34935314,190392050,21613785,936354,7878608,184561996,1682893,21275781,12916396,79389985,8555144,43507664,46607818,12867138,56281087,4186941,40987679,27557206,5555777
2015/05,909873840,909873840,799246141,108926278,1701421,12884394,837719706,58567914,701825,0,0,14093876,435312323,296830488,119892601,43397259,347294,0,0,0,0,0,0,0,0,0,0,0,0,0,0,0,0,0,0,0,0,0,16920407,217656179,208007042,153245721,133212167,93291125,55403410,25659354,6081067,331306,66062,0,18709962,36715225,4089426,1361017,43319403,7980301,4888132,42370999,132376,18609727,23326841,37384740,1992767,24889754,138737339,19495467,958933,9159721,139873866,2990545,23119243,11961442,93240378,9234194,25825911,42855035,6385545,54340827,4694799,29527388,28174161,3528377
2015/06,693934502,693934502,617574180,69509625,6850697,14939860,622122379,56458841,413422,0,0,14378560,321089955,225702683,95738720,37024583,0,0,0,0,0,0,0,0,0,0,0,0,0,0,0,0,0,0,0,0,0,0,11652326,159364045,156501629,123948368,100829875,70458260,45338248,20038009,5471528,332213,0,0,15351725,27865539,6786948,591400,33472525,5154244,2094141,29897316,132124,8845817,22958045,37201601,4548545,28724895,104747196,12593565,826914,3306229,135790176,2178258,17304295,13525609,47117280,4271272,24155809,29024886,6152197,21780709,2655759,23199277,20504799,1175407
2015/07,271753881,271753881,254688193,14900755,2164932,5201998,250311384,16170175,70324,0,0,8452092,121571181,91423264,36195217,14112127,0,0,0,0,0,0,0,0,0,0,0,0,0,0,0,0,0,0,0,0,0,0,3402821,59308451,67140177,48453822,40542247,28616454,15581678,6583883,2124347,0,0,0,932310,8454655,1428968,130505,7535829,3068129,2681117,19153592,0,6976900,2176828,19988662,1463505,12738778,26659399,11936843,68193,3292361,29468729,1080858,4852446,7636438,25407337,5637097,5377420,21351194,6687879,14532445,63275,11358750,8345578,1267860
2015/08,350565024,350565024,329223226,18510908,2830889,5754372,319808993,25001659,0,0,0,8850444,169848211,110287471,44607123,16952888,0,18887,0,0,0,0,0,0,0,0,0,0,0,0,0,0,0,0,0,0,0,0,4779581,79560142,83327451,62463258,52922755,37230190,19515214,7947987,2682059,136387,0,0,1854575,10775876,1455301,801136,14506813,3754383,3362950,24534803,0,9216273,8949668,28489278,2248851,13661500,22874049,14667712,163596,3793028,40131181,994551,8461011,9113797,32541132,9562826,5733800,20301369,7479275,19890664,470750,17210656,13146165,418058
2015/09,659472863,659472863,629957850,23003153,6511861,11042125,595714514,52716224,0,0,0,12445034,321515067,209974334,83465626,32072802,0,0,0,0,0,0,0,0,0,0,0,0,0,0,0,0,0,0,0,0,0,0,7446171,142050126,153805053,118069125,107420560,69370709,38462539,18420741,4221128,136387,70324,0,2593236,21667648,2286549,1043040,21658891,5997095,6412772,35977283,0,16369295,18753488,40665510,2243537,29058819,50637470,34768627,552561,3764486,95152294,1742152,15515475,21854772,75402010,11017693,9001083,29290309,5903046,41313094,1081496,31351458,24021845,2375828
2015/10,916326436,916326436,896039638,12070108,8216690,12797156,821265854,82197363,66062,0,0,17443915,420039165,315468484,119735582,43639289,0,0,0,0,0,0,0,0,0,0,0,0,0,0,0,0,0,0,0,0,0,0,13229741,211197707,215250891,163527365,140930940,96286053,48927261,21865789,4772185,338504,0,0,6679740,35540231,4925978,980472,43692180,12696099,7765757,55355928,0,15260053,25376310,72541638,4268287,54677608,64939526,27746413,1435208,6197770,120278592,2008178,20494121,22330295,78368935,23860321,18865540,48895305,12198396,46623314,2310440,46670337,28527796,4815669
2015/11,514696550,514696550,494415932,13835102,6445516,10792359,466230223,37673968,0,0,0,9507372,230090541,178231126,70918484,25822325,126702,0,0,0,0,0,0,0,0,0,0,0,0,0,0,0,0,0,0,0,0,0,6256045,110101905,121968602,92138395,78030088,57698233,32042400,13095964,3222138,142780,0,0,9426142,23910604,3334088,810272,16136819,7651871,3098155,24763600,0,6937058,9904467,38855239,1654183,39923455,34016435,22853823,714393,6136550,57523556,2751692,13777604,13505907,45871309,13246127,11699509,28192802,11528415,28375331,676375,21183551,15031889,1205328
2015/12,711360517,711360517,651841746,47447246,12071525,19124395,645191404,46658860,385857,0,0,14938279,371384414,223212692,75446885,26378246,0,0,0,0,0,0,0,0,0,0,0,0,0,0,0,0,0,0,0,0,0,0,7510824,145140169,159800701,126650191,111205818,84741140,49315731,21243389,5473388,279166,0,0,40180005,11408983,2311905,429369,38246840,28092824,6618230,23749512,66062,10835271,16131868,29077569,1905186,74332545,82620648,12512506,2496568,1101677,51532384,2314273,17640304,6773896,37946553,12681828,43985026,21899785,23502593,42780530,5255528,19562983,34982340,8384927
2016/01,199070773,199070773,197188269,1882503,0,851573,188306845,9912355,0,0,0,890562,83135184,82285820,25340685,7291726,126796,0,0,0,0,0,0,0,0,0,0,0,0,0,0,0,0,0,0,0,0,0,3306004,46873494,49953010,35925087,32042970,18579674,9502934,2683476,204124,0,0,0,1479209,12746725,529617,51959,4851950,2188293,1627112,11100632,0,4778464,5517014,8712907,1321398,3529728,15333495,7854473,0,1845064,20532451,1200807,2633338,6616333,23664468,3039894,2556606,12017705,5640598,23691346,188223,7331279,5613255,876429
2016/02,965105116,965105116,929277865,35827251,0,13170063,893344687,58303834,286532,0,0,4267028,424295017,369529420,129394520,36871015,717296,30821,0,0,0,0,0,0,0,0,0,0,0,0,0,0,0,0,0,0,0,0,15172116,231659999,235559901,174658171,137501559,94461964,49781588,20817388,4932883,559545,0,0,20304493,35423366,3144126,1003097,41034011,8626173,3870366,34311652,0,12878940,31680739,36543344,5076083,37515700,158615276,26426235,2214380,8982520,176556930,1870823,15178747,20051640,75553667,12331846,30937322,38287232,9242100,50961487,2616178,34966497,20426426,8473724
2016/03,794857869,794857869,758539001,26447747,9871121,18575948,721591505,54433381,257035,0,0,3090941,348883497,291335199,114539002,36266181,743050,0,0,0,0,0,0,0,0,0,0,0,0,0,0,0,0,0,0,0,0,0,13287247,186834546,196263262,152158083,109679149,73201001,42865415,17260941,3232731,75494,0,0,15557708,27084656,4222804,519475,36291523,12109021,3409438,36335170,0,9849684,23156816,55411414,3908292,34590517,112934713,21401329,913420,5625497,129524499,2157633,14976799,14117965,60706742,11181399,18271507,33379521,5909500,43247417,2597505,25740453,26158969,3566481
2016/04,736286576,736286576,713277291,13280465,9728820,15205925,670634807,50445844,0,0,0,1782235,297957741,284332950,115166653,36975944,0,71053,0,0,0,0,0,0,0,0,0,0,0,0,0,0,0,0,0,0,0,0,12547903,182162464,178222721,139822689,100049494,69500683,36242199,13192892,4396763,148768,0,0,15672666,23177033,4912473,896567,29851763,9231533,3815100,30142597,0,11236653,25746317,50235700,2849851,30040336,97782847,22585386,495071,5981037,120333117,2444189,22250957,12047032,51091275,8888737,24679993,26842716,7952628,39028732,1635648,31350972,19806899,3280751
2016/05,717850789,717850789,680856164,17508010,19486615,24544558,648391798,44914434,0,0,0,1481334,273352034,286024560,119951169,34628215,2157873,184551,71053,0,0,0,0,0,0,0,0,0,0,0,0,0,0,0,0,0,0,0,12207655,175275743,183563084,136792443,94427924,63415901,35446299,12754557,3898350,68833,0,0,11132240,23739747,4687237,572632,28322649,8520944,3571871,31767688,0,11966900,26727606,33755348,2719801,26829915,92497050,22787689,0,7361534,109390839,2926669,19096357,16476099,52126056,10452753,17108540,33226221,11099779,60855244,1909124,24227997,20393572,1600688
2016/06,1051709101,1051709101,990737211,48734008,12237882,22890996,954768765,73758466,217601,73274,0,3607250,466336811,377935487,154317767,49024220,487566,0,0,0,0,0,0,0,0,0,0,0,0,0,0,0,0,0,0,0,0,0,15497426,256588135,260481077,190624300,149951125,103486205,50353100,19637949,4642852,446932,0,0,28233211,20295628,6034077,677445,57963539,14602431,2387366,53310290,0,14162658,22328671,67039298,4406018,32542490,183730139,18887033,1512425,9059091,172875120,2938100,19069830,14322214,70375272,11200592,38256867,47339970,14543122,64669777,1485993,26277307,25732442,5450685
2016/07,582843933,582843933,538895870,35216326,8731737,13207141,526629103,42861142,146547,0,0,1308497,255843520,214231416,84594300,26671021,195178,0,0,0,0,0,0,0,0,0,0,0,0,0,0,0,0,0,0,0,0,0,8411307,131245389,142109849,114258974,86270700,57048239,29647255,10937289,2846097,68833,0,0,10449427,27303137,3894231,1710994,20923231,7769371,5447447,27862652,0,10327715,23752412,37191255,3156416,23845640,70533494,14834576,564317,1674458,81136454,4749138,13506814,10179556,47584138,8886914,19709318,19852127,8313334,26091595,2884272,24429601,20163163,4116734
2016/08,575321170,575321170,536300736,25296846,13723588,17993411,504605610,52580043,142107,0,0,1870187,239896506,220442211,87029920,25402295,566402,113650,0,0,0,0,0,0,0,0,0,0,0,0,0,0,0,0,0,0,0,0,8452011,132855164,139073498,112619261,84511616,56779201,28261017,10114762,2434819,219821,0,0,7843349,29905242,7530874,602677,19023817,8030221,4412379,33419633,0,9313391,18544560,27736060,4835921,30423624,50833919,16981936,1578718,5184335,81779415,7669992,15502562,10669189,35308498,7840165,14530524,24244637,8020001,33874135,7445223,29290808,17628394,5316972
2016/09,497277518,497277518,454282031,23366498,19628989,23523947,432385205,41148545,219821,0,0,1791124,218952140,180582158,74032070,21161713,709924,48390,0,0,0,0,0,0,0,0,0,0,0,0,0,0,0,0,0,0,0,0,5696460,108247099,128001655,97127246,71524349,50463614,25430174,8164885,2622037,0,0,0,8237593,20111885,6003810,1666857,16861758,7559508,5765787,22120870,0,6661747,25319931,31649884,2842365,28390332,44872710,15273913,918931,2824738,63819706,4922997,11868690,9035648,39711417,8141290,12665112,17103010,8059281,20907360,2525046,23017693,22453960,5963688
2016/10,473222642,473222642,425758993,34922004,12541645,15239954,417656996,40176924,148768,0,0,983120,205475754,172114929,71775306,22288753,541656,0,43124,0,0,0,0,0,0,0,0,0,0,0,0,0,0,0,0,0,0,0,5710211,98964027,115430212,94258245,75653837,48518372,24526942,7299194,2717276,144327,0,0,12714375,23039193,5844924,1535604,15826414,6718270,7284875,21843094,72958,10029528,22307654,26413352,4157462,32818664,36971330,15496280,901754,2955902,57496083,5182923,11422882,9072187,32506010,7963323,8632508,16514135,7858833,11897805,2642739,21606302,27796436,5698842
2016/11,391181527,391181527,324109658,57335445,9736425,14734583,343231936,32802011,412997,0,0,1019208,179400365,140077313,54671675,15242996,696696,73274,0,0,0,0,0,0,0,0,0,0,0,0,0,0,0,0,0,0,0,0,4520467,77879046,92732117,80277908,60352068,43661605,21980530,7769679,1717234,222042,68833,0,11748372,18030570,4898641,1647891,17001144,7249177,3914230,21597308,73274,8868092,22600562,19095537,6062077,36775777,25272680,12516462,1190634,2255910,34884897,3147517,8751350,6924128,29228773,4834344,12194062,19507046,8525371,3339951,3572448,17215052,16223509,2034743
2016/12,279583743,279583743,258959417,8524511,12099816,14458348,239033082,25960717,131597,0,0,742622,133977383,90640466,39242779,14752441,228052,0,0,0,0,0,0,0,0,0,0,0,0,0,0,0,0,0,0,0,0,0,2809679,47035155,69846550,63980257,42163557,27059527,18591149,6281842,1742753,73274,0,0,1287679,3024696,713772,1190640,10986704,1547246,197777,6764487,0,9695486,7276981,39935142,1813644,12481971,59135256,3984930,388652,2179701,27157763,2323912,8861281,3319570,18012107,6513222,1842885,9341750,1358478,9911142,1403947,11616359,6680459,8636106
2017/01,693202,693202,453770,239432,0,0,693202,0,0,0,0,0,406445,227488,59269,0,0,0,0,0,0,0,0,0,0,0,0,0,0,0,0,0,0,0,0,0,0,0,0,305637,174317,71053,71053,71142,0,0,0,0,0,0,0,0,0,0,168290,0,0,0,0,71142,0,0,0,0,173965,0,0,0,88918,0,0,0,48781,0,0,0,0,71053,0,71053,0,0
2017/02,743414845,743414845,743414845,0,0,2831514,693746901,46836430,0,0,0,2389104,356064407,274269716,86671988,24019630,0,0,0,0,0,0,0,0,0,0,0,0,0,0,0,0,0,0,0,0,0,0,6904570,154453175,174142760,146719493,116874298,77565353,45436337,16873627,4149280,295953,0,0,18422090,8107011,1761805,1535913,47583143,15406673,2427566,21241588,0,19786896,13503359,64690961,1427838,15801998,170101911,24091720,146873,8479335,87687356,1524151,18115817,9897864,28540816,14702144,28058334,33261717,8301234,44636122,1315588,18900505,13956516,0
2017/03,250355808,250355808,233737009,6261120,10357679,14947424,232677541,2730843,0,0,0,380579,141982069,104378408,3401091,213662,0,0,0,0,0,0,0,0,0,0,0,0,0,0,0,0,0,0,0,0,0,0,2386640,53181718,60613741,52860190,43527332,23987164,10546350,2822555,430120,0,0,0,4566728,6623905,406110,247531,8662379,4075922,3857284,12837942,0,6005752,5213185,12854018,1133183,11394081,25700173,12130189,0,2393531,42579223,1714714,7277371,3116666,14424770,2334116,6919561,11084338,4285180,16848049,1039349,9683831,10159878,786851
2017/04,303571588,303571588,283016502,12216431,8338655,12055460,287544444,3840674,131010,0,0,1763725,176598202,120409037,4763942,36683,0,0,0,0,0,0,0,0,0,0,0,0,0,0,0,0,0,0,0,0,0,0,4315802,61615120,74660421,62525215,49574586,30718232,15031297,4136196,889153,43603,61962,0,5305992,9121979,904134,1156777,13154646,4981565,1107801,12309298,0,5578322,3960866,14010997,1157956,19665018,45328109,10886350,0,2358917,36577303,1856030,10716661,2705911,23712913,2125050,9948589,8893235,4460912,17030868,1464100,15290587,15768757,2031946
2017/05,456288164,456288164,415396060,20409734,20482369,24370998,427193173,4652851,71142,0,0,2155784,294438535,155837557,3825329,30958,0,0,0,0,0,0,0,0,0,0,0,0,0,0,0,0,0,0,0,0,0,0,5803847,93124539,108589650,85042527,79369350,53237469,22595277,7062732,1405403,57372,0,0,14764468,8298045,1479276,1640851,19033060,4608609,1236246,15029086,0,14335090,13027533,24059464,1186251,11933470,45119903,13281211,124568,6319186,68543156,1674712,14531849,2651928,45139380,3409351,17355116,18723752,4658211,30970436,1983893,20883100,24303542,5983421
2017/06,507303171,507303171,458017641,28006101,21279429,25328644,474757685,7085142,131700,0,0,2866106,332460108,169219904,2738694,18359,0,0,0,0,0,0,0,0,0,0,0,0,0,0,0,0,0,0,0,0,0,0,6925731,103513766,112292260,94353461,89813330,61776875,28440136,9289650,833218,64745,0,0,12246884,13102613,2553142,486887,28110858,4850509,3534456,16240316,0,12534042,13165232,30388394,1931660,34352111,62645815,17591461,18359,3883999,82196457,2186236,13697156,2897452,33521578,3638207,14848552,16557018,3133022,27753099,2141475,20059397,23101253,3935529
2017/07,379817811,379817811,351723921,15956217,12137673,14338388,361470171,4009252,0,0,0,2260095,236619939,138702752,2235026,0,0,0,0,0,0,0,0,0,0,0,0,0,0,0,0,0,0,0,0,0,0,0,5361392,77992220,84599473,72239629,68812411,45443832,19286230,5404131,678494,0,0,0,13733850,4476782,1704564,23622,16911329,3278519,3842005,15569847,0,9683372,6430091,27281786,1431499,22879280,54812904,9403425,0,2503571,60476694,973780,9383244,1653455,30750877,1624863,7376714,12530553,2276518,20631943,1003626,12723097,20602798,3843202
2017/08,364422512,364422512,336227416,10673898,17521199,19544408,340257856,4620248,0,0,0,1155814,217837423,142739862,2689413,0,0,0,0,0,0,0,0,0,0,0,0,0,0,0,0,0,0,0,0,0,0,0,5909857,79139504,83697653,67540261,61107371,41507728,19800675,4824866,894598,0,0,0,9391707,8249926,1719176,564185,15415304,5257370,2777984,11605689,0,8430768,4262418,17959097,2484998,23057386,51135051,8732178,0,1655140,60006236,1833355,5203676,2391397,32896090,1366982,10057522,12269528,5724106,24827274,994208,12539392,19494608,2119762
2017/09,249671285,249671285,230783538,8319927,10567820,11257793,235465606,2769866,178021,0,0,491070,156918987,90862459,1398770,0,0,0,0,0,0,0,0,0,0,0,0,0,0,0,0,0,0,0,0,0,0,0,3990878,53576108,57141746,46167797,42112705,29664897,13607613,2320712,921302,98681,68847,0,7273366,4171079,1041451,256455,11627485,4013382,1776743,8635391,0,7400320,3625894,13334602,794293,14735284,34634230,7010647,0,1441542,41256450,1452655,4486200,1494031,17642887,1231439,8737564,8327924,3834515,16493152,421173,9315305,11351739,1854092
2017/10,270867015,270867015,256589054,2143295,12134667,12697625,255182583,2915666,71142,0,0,662682,161859492,106826522,1504251,14069,0,0,0,0,0,0,0,0,0,0,0,0,0,0,0,0,0,0,0,0,0,0,3609202,53853843,60113185,52309735,47779227,32273183,16400270,3782529,745841,0,0,0,2676120,3527384,926669,460486,11923486,3293013,1342096,9907422,0,7293751,3755756,14691185,1746927,29360081,36917076,7568152,0,1790845,37800080,1275374,5957702,1373849,18602084,1403212,6657183,7210806,3039590,20195929,1260937,9826807,16943430,2139582
2017/11,391022354,391022354,365493038,9991353,15537963,16801777,369845806,4374771,0,0,0,1251519,230655568,155380743,3639022,42964,52537,0,0,0,0,0,0,0,0,0,0,0,0,0,0,0,0,0,0,0,0,0,4964122,81700531,85971628,72920299,70231628,48784560,20343791,5340323,712691,52783,0,0,11533517,7370184,1547603,164343,18805799,6846340,4496834,13040830,0,9861366,9452539,23002356,1585097,19991821,49914092,9671368,0,1372037,48552015,1301648,11049571,1296682,35143568,1151529,15240797,11284925,5023190,21271343,624720,23420112,21005733,6000393
2017/12,341018665,341018665,304559798,26445327,10013540,12091240,323184223,5330245,412957,0,0,1527423,198675773,137226032,3518296,71142,0,0,0,0,0,0,0,0,0,0,0,0,0,0,0,0,0,0,0,0,0,0,3343969,66369087,76578508,66759356,60809514,41514153,19225606,5479860,938612,0,0,0,8373854,5783847,778952,698548,16660793,3688276,1681168,10009522,0,11070661,7025978,23953506,1015788,32798684,37803899,13615742,0,2927280,47052115,2177937,9551916,572612,24702648,1169290,15465531,12173253,2794705,13910389,1526981,12079788,16541753,3413249
2018/01,56313655,56313655,55857900,396382,59373,121946,55839055,352654,0,0,0,268503,29241245,26371806,432102,0,0,0,0,0,0,0,0,0,0,0,0,0,0,0,0,0,0,0,0,0,0,0,587992,11060288,13744685,10401984,11528012,5416475,2749317,577282,247620,0,0,0,891744,2262142,0,61962,3514010,253614,0,962134,0,751622,640408,2639961,0,267115,13776343,3203826,0,61962,8320684,835244,1480376,32129,4623080,227509,1914811,933077,966568,3961869,61962,1975979,1435394,258131
2018/02,221175957,221175957,214761135,6061171,353651,2471997,217658173,974646,71142,0,0,603198,127576080,91138747,1857933,0,0,0,0,0,0,0,0,0,0,0,0,0,0,0,0,0,0,0,0,0,0,0,3450824,45846613,51885801,40460722,40675874,26700453,9679803,1862985,612882,0,0,0,6917500,5231478,281329,0,12229265,2033456,1019232,3326868,0,8154559,3833566,11196312,796212,15185263,28742735,5792822,0,1033538,37205635,1968430,5459820,226286,12335952,248535,6164982,6225364,5169650,14857264,1144553,13513474,9312517,1569360
2018/03,218614509,218614509,205383569,11172306,2058634,5251978,211635329,1673545,53657,0,0,473913,140037195,76403053,1641542,0,58806,0,0,0,0,0,0,0,0,0,0,0,0,0,0,0,0,0,0,0,0,0,3020213,46450413,50225108,40247125,36858780,25601917,13079159,2298915,832880,0,0,0,5850579,4387787,509070,887311,14985220,3298334,274734,4306460,0,7707806,4087276,13558361,1317646,10188219,19036009,5695133,0,168698,42414070,502147,6041552,142711,15755634,283465,8868650,5524964,3251435,10277722,2552025,13078238,9808790,3854465
2018/04,345882501,345882501,316688779,13648282,15545440,18323402,324715311,2843788,0,0,0,1302967,216919417,127514426,145690,0,0,0,0,0,0,0,0,0,0,0,0,0,0,0,0,0,0,0,0,0,0,0,5071333,72272504,82961399,63201253,61718277,38962203,17278061,3579488,837982,0,0,0,6777266,5539726,627066,85673,17915320,4933819,3388516,9160907,0,10253317,7192275,14918782,1194337,7074074,43224000,10433980,0,1710682,62477382,0,6998016,161946,40760512,442962,11382280,8318807,3571778,28574975,1887566,16517320,19055452,1303767
2018/05,430576002,430576002,394549215,25595294,10431492,13336151,410887229,6161503,191119,0,0,900544,279732724,149388846,539124,14764,0,0,0,0,0,0,0,0,0,0,0,0,0,0,0,0,0,0,0,0,0,0,6645999,88615765,102271125,86003961,71931666,50508534,18107125,5844714,558905,88209,0,0,11144280,7558700,1226761,176417,22079625,9597701,4673745,10600946,0,12232307,7764557,10582380,2479969,23474937,55015956,10870177,73507,2621863,72117158,0,9852566,283198,42148709,792409,14849372,16006419,7719871,35709292,1584239,16393051,18479405,2466485
2018/06,506245992,506245992,474760844,17725988,13759159,16391654,483908034,5707521,165275,73507,0,1231228,328416501,175876376,663579,58308,0,0,0,0,0,0,0,0,0,0,0,0,0,0,0,0,0,0,0,0,0,0,6920862,108483493,117303595,98147245,90619264,53867881,24916706,5091302,834388,61256,0,0,10603909,8493810,1267017,260105,27320386,13812332,3772488,9184360,0,13139337,15424588,21488898,1434064,29911095,87850294,11299009,0,3869648,79124352,1406213,10282685,2291145,38379813,1216851,11608844,16898608,5683060,27908340,1429101,23773609,26230321,881709
2018/07,476673719,476673719,442956142,18896911,14820666,16955549,453831453,5827912,58806,0,0,1807571,293039506,178739100,2748061,316911,22570,0,0,0,0,0,0,0,0,0,0,0,0,0,0,0,0,0,0,0,0,0,6730749,96259404,108326810,93069968,84556920,55594550,25171019,5756254,1117386,90659,0,0,11277248,9360564,1418976,58806,18235500,5225047,6674096,8170372,0,19040063,18840414,17367926,718133,34574475,56662326,13173513,58806,1983503,93436954,3612050,14724150,1183172,39869272,1302886,9888186,15806350,6446688,28099318,828476,15379004,21673828,1583618
2018/08,433001299,433001299,400685135,16874876,15441288,17187936,410015010,5739547,58806,0,0,1227570,250545780,178562468,2236795,410084,18602,0,0,0,0,0,0,0,0,0,0,0,0,0,0,0,0,0,0,0,0,0,6301365,97056948,101876726,83814359,72945689,45104648,20755094,4594968,477994,73507,0,0,13600388,5308529,1429550,96992,20432862,9138472,3008403,7506737,0,9666886,12940897,16982802,3388208,6943564,64587768,12791271,0,2486379,73593986,1611961,14245527,644291,42134376,318411,9098282,15697101,7375764,38678164,863080,17576806,18276231,2577612
2018/09,306735051,306735051,278467654,9575184,18692213,19636245,282723553,4301746,73507,0,0,147487,147141005,154601331,4266139,579088,0,0,0,0,0,0,0,0,0,0,0,0,0,0,0,0,0,0,0,0,0,0,4725358,66490933,74939860,56071061,51350011,34205775,15279460,3071873,600720,0,0,0,8413991,5338864,286678,1162121,14488382,5855369,1790044,4634329,0,10060827,11595859,9207292,1396563,11748249,46332655,9410567,0,1135370,43421712,1521023,6087633,482599,28007787,297562,14316989,10291880,2678045,26146627,534342,9113737,18679160,2298795
2018/10,389340838,389340838,352946897,14265380,22128561,22745408,359592319,6944305,58806,0,0,538081,187217321,184677726,15005801,1852904,49005,0,0,0,0,0,0,0,0,0,0,0,0,0,0,0,0,0,0,0,0,0,5646731,82743164,95481443,75117399,62897020,42683367,19766385,4372748,544372,88209,0,0,12965550,8289002,1120002,120777,16861620,7692956,2979599,6407893,0,9931760,13072391,17627415,2437247,15186714,63626527,20977601,0,1294270,53918584,1655207,11110324,434126,24475961,288459,12093822,10880675,6207694,26422952,4489265,14733521,18072871,3966053
2018/11,197432776,197432776,187175216,6404340,3853220,4625302,190172552,2634922,0,0,0,205820,82094010,102196751,11091366,1829883,14945,0,0,0,0,0,0,0,0,0,0,0,0,0,0,0,0,0,0,0,0,0,2370721,42535548,45756033,39453170,32775324,21814015,10648451,1699027,380487,0,0,0,3923714,2180493,158366,167706,9689246,7775586,457781,3159914,0,2762277,4271364,7957237,1049170,12136744,42270882,4210028,58806,364170,24105706,0,3104346,539921,17074434,0,5666009,8137147,1982488,10622314,683410,9093577,11631116,2198825
2018/12,53905,53905,53905,0,0,0,53905,0,0,0,0,0,53905,0,0,0,0,0,0,0,0,0,0,0,0,0,0,0,0,0,0,0,0,0,0,0,0,0,0,0,0,0,53905,0,0,0,0,0,0,0,0,0,0,0,0,0,0,0,0,0,0,0,0,0,0,0,0,0,0,0,0,0,0,0,0,53905,0,0,0,0,0,0
2019/01,173687,173687,114881,58806,0,0,173687,0,0,0,0,0,59075,114611,0,0,0,0,0,0,0,0,0,0,0,0,0,0,0,0,0,0,0,0,0,0,0,0,0,0,0,0,0,55806,117881,0,0,0,0,0,0,0,0,0,0,0,0,58806,0,0,55806,0,0,0,0,0,0,0,0,0,0,0,59075,0,0,0,0,0,0,0,0,0
2019/02,0,0,0,0,0,0,0,0,0,0,0,0,0,0,0,0,0,0,0,0,0,0,0,0,0,0,0,0,0,0,0,0,0,0,0,0,0,0,0,0,0,0,0,0,0,0,0,0,0,0,0,0,0,0,0,0,0,0,0,0,0,0,0,0,0,0,0,0,0,0,0,0,0,0,0,0,0,0,0,0,0,0
2019/03,0,0,0,0,0,0,0,0,0,0,0,0,0,0,0,0,0,0,0,0,0,0,0,0,0,0,0,0,0,0,0,0,0,0,0,0,0,0,0,0,0,0,0,0,0,0,0,0,0,0,0,0,0,0,0,0,0,0,0,0,0,0,0,0,0,0,0,0,0,0,0,0,0,0,0,0,0,0,0,0,0,0
2019/04,4938697,4938697,4938697,0,0,0,4938697,0,0,0,0,0,2165142,2773556,0,0,0,0,0,0,0,0,0,0,0,0,0,0,0,0,0,0,0,0,0,0,0,0,64212,994660,1444844,961533,1063269,199702,210477,0,0,0,0,0,0,0,0,0,0,572678,0,337792,0,0,0,71014,0,0,61644,195905,0,0,41533,0,46233,0,0,0,215754,46766,1367428,30734,0,1951216,0,0
2019/05,121627652,121627652,121627652,0,0,0,120984070,643581,0,0,0,0,61869111,59166175,523016,0,69349,0,0,0,0,0,0,0,0,0,0,0,0,0,0,0,0,0,0,0,0,0,893527,23572208,28921037,25968030,23391207,12176212,5672281,782728,250421,0,0,0,1278494,4422671,105308,178479,4950205,7583709,823463,8985733,0,5848369,3680724,3695706,0,5675901,3006535,7395763,0,724469,2328176,1332331,5931366,791698,5937049,0,5822002,7099736,2536886,3837145,2332260,9281802,11584376,4457296
2019/06,148804156,148804156,148804156,0,0,0,147266656,1537500,0,0,0,87329,69103792,78884748,728288,0,0,0,0,0,0,0,0,0,0,0,0,0,0,0,0,0,0,0,0,0,0,0,1396105,29403573,35290000,30679371,28405457,15231682,7322696,1016198,59075,0,0,0,1898435,1287149,1640951,192637,5432424,6355597,990610,5947084,0,4452430,5231943,6826587,670377,5206292,5060388,11030048,0,1157770,5047203,128425,8027289,1041341,19675770,588884,10190733,4578105,2947955,3968364,4389905,11582818,7753891,5502750
2019/07,99878032,99878032,99878032,0,0,0,98648814,1229217,0,0,0,382275,52162486,47230215,103055,0,0,0,0,0,0,0,0,0,0,0,0,0,0,0,0,0,0,0,0,0,0,0,983151,22188244,23098647,19535090,18510391,9996626,4773834,594662,197387,0,0,0,625923,1217145,310436,192637,4871460,3871163,306175,3732186,0,1306591,1764782,4143064,126413,4030463,14789933,2656545,0,560703,10850009,0,2776647,98388,11381807,425962,6920393,3412304,1121882,3133787,809618,5858774,6635599,1947245
2019/08,11978539,11978539,11978539,0,0,0,11870662,107877,0,0,0,0,7896566,4081973,0,0,0,0,0,0,0,0,0,0,0,0,0,0,0,0,0,0,0,0,0,0,0,0,56507,2702426,2834189,2470112,1601467,1551146,642234,120458,0,0,0,0,0,0,0,0,677985,315643,0,107877,0,592637,110445,202835,0,773105,2653650,0,0,0,1298666,0,868600,0,1438209,56507,482877,294090,0,517360,51370,992573,477088,67022
2019/09,267124,267124,267124,0,0,0,267124,0,0,0,0,0,267124,0,0,0,0,0,0,0,0,0,0,0,0,0,0,0,0,0,0,0,0,0,0,0,0,0,0,51370,0,102740,51370,61644,0,0,0,0,0,0,0,0,0,0,0,0,0,0,0,0,0,0,0,0,0,0,0,0,267124,0,0,0,0,0,0,0,0,0,0,0,0,0
2019/10,61644,61644,61644,0,0,0,61644,0,0,0,0,0,61644,0,0,0,0,0,0,0,0,0,0,0,0,0,0,0,0,0,0,0,0,0,0,0,0,0,0,0,61644,0,0,0,0,0,0,0,0,0,0,0,0,0,0,0,0,0,0,0,0,0,0,0,0,0,0,0,61644,0,0,0,0,0,0,0,0,0,0,0,0,0
2019/11,0,0,0,0,0,0,0,0,0,0,0,0,0,0,0,0,0,0,0,0,0,0,0,0,0,0,0,0,0,0,0,0,0,0,0,0,0,0,0,0,0,0,0,0,0,0,0,0,0,0,0,0,0,0,0,0,0,0,0,0,0,0,0,0,0,0,0,0,0,0,0,0,0,0,0,0,0,0,0,0,0,0
2019/12,0,0,0,0,0,0,0,0,0,0,0,0,0,0,0,0,0,0,0,0,0,0,0,0,0,0,0,0,0,0,0,0,0,0,0,0,0,0,0,0,0,0,0,0,0,0,0,0,0,0,0,0,0,0,0,0,0,0,0,0,0,0,0,0,0,0,0,0,0,0,0,0,0,0,0,0,0,0,0,0,0,0
2020/01,0,0,0,0,0,0,0,0,0,0,0,0,0,0,0,0,0,0,0,0,0,0,0,0,0,0,0,0,0,0,0,0,0,0,0,0,0,0,0,0,0,0,0,0,0,0,0,0,0,0,0,0,0,0,0,0,0,0,0,0,0,0,0,0,0,0,0,0,0,0,0,0,0,0,0,0,0,0,0,0,0,0
2020/02,0,0,0,0,0,0,0,0,0,0,0,0,0,0,0,0,0,0,0,0,0,0,0,0,0,0,0,0,0,0,0,0,0,0,0,0,0,0,0,0,0,0,0,0,0,0,0,0,0,0,0,0,0,0,0,0,0,0,0,0,0,0,0,0,0,0,0,0,0,0,0,0,0,0,0,0,0,0,0,0,0,0
2020/03,0,0,0,0,0,0,0,0,0,0,0,0,0,0,0,0,0,0,0,0,0,0,0,0,0,0,0,0,0,0,0,0,0,0,0,0,0,0,0,0,0,0,0,0,0,0,0,0,0,0,0,0,0,0,0,0,0,0,0,0,0,0,0,0,0,0,0,0,0,0,0,0,0,0,0,0,0,0,0,0,0,0
2020/04,0,0,0,0,0,0,0,0,0,0,0,0,0,0,0,0,0,0,0,0,0,0,0,0,0,0,0,0,0,0,0,0,0,0,0,0,0,0,0,0,0,0,0,0,0,0,0,0,0,0,0,0,0,0,0,0,0,0,0,0,0,0,0,0,0,0,0,0,0,0,0,0,0,0,0,0,0,0,0,0,0,0
2020/05,0,0,0,0,0,0,0,0,0,0,0,0,0,0,0,0,0,0,0,0,0,0,0,0,0,0,0,0,0,0,0,0,0,0,0,0,0,0,0,0,0,0,0,0,0,0,0,0,0,0,0,0,0,0,0,0,0,0,0,0,0,0,0,0,0,0,0,0,0,0,0,0,0,0,0,0,0,0,0,0,0,0
2020/06,0,0,0,0,0,0,0,0,0,0,0,0,0,0,0,0,0,0,0,0,0,0,0,0,0,0,0,0,0,0,0,0,0,0,0,0,0,0,0,0,0,0,0,0,0,0,0,0,0,0,0,0,0,0,0,0,0,0,0,0,0,0,0,0,0,0,0,0,0,0,0,0,0,0,0,0,0,0,0,0,0,0
2020/07,0,0,0,0,0,0,0,0,0,0,0,0,0,0,0,0,0,0,0,0,0,0,0,0,0,0,0,0,0,0,0,0,0,0,0,0,0,0,0,0,0,0,0,0,0,0,0,0,0,0,0,0,0,0,0,0,0,0,0,0,0,0,0,0,0,0,0,0,0,0,0,0,0,0,0,0,0,0,0,0,0,0
2020/08,0,0,0,0,0,0,0,0,0,0,0,0,0,0,0,0,0,0,0,0,0,0,0,0,0,0,0,0,0,0,0,0,0,0,0,0,0,0,0,0,0,0,0,0,0,0,0,0,0,0,0,0,0,0,0,0,0,0,0,0,0,0,0,0,0,0,0,0,0,0,0,0,0,0,0,0,0,0,0,0,0,0
2020/09,0,0,0,0,0,0,0,0,0,0,0,0,0,0,0,0,0,0,0,0,0,0,0,0,0,0,0,0,0,0,0,0,0,0,0,0,0,0,0,0,0,0,0,0,0,0,0,0,0,0,0,0,0,0,0,0,0,0,0,0,0,0,0,0,0,0,0,0,0,0,0,0,0,0,0,0,0,0,0,0,0,0
